call_id,call_type,valence,arousal_15pre_15post_distance_px,Sound duration (s),Q25% (Hz),Q50% (Hz),Q75% (Hz),Fpeak (Hz),spectral_centroid,spectral_entropy,Mean F0 (Hz),Max F0 (Hz),Range F0 (Hz),F0 Abs Slope,FM Rate (s-1),AM rate (s-1),Harmonicity
C2VV_T6_Black_20241108_1023_0_period_009_1586.7s-1597.0s.mp4__Negative_call001.wav,Whine,Negative,5.748646,1.89,860.07,935.71,953.69,936.24,1714.36,3.26,873.78,1037.6,728.83,4126.77,32.53,54.75,-11.4
C2VV_T10_Blue_20250118_1154_0_period_004_3416.0s-3695.2s.mp4__Negative_call005.wav,Whine,Negative,80.141818,6.32,628.08,647.22,926.06,637.25,2060.03,2.4,671.73,988.35,714.43,2424.07,28.79,42.86,-26.82
C2VV_T11_Blue_20250130_1228_0_period_002_1109.5s-1249.2s.mp4__Negative_call002.wav,Whine,Negative,82.1,1.38,888.03,906.2,928.73,895.3,4930.27,3.44,517.43,933.8,572.81,2303.73,23.62,51.6,-25.68
C2VV_T6_Black_20241102_1142_0_merged_007_1786.4s-2613.2s.mp4__Negative_call001.wav,Whine,Negative,82.648528,2.42,685.86,716.47,1085.87,695.78,1842.13,4.19,560.9,905.26,594.42,3926.91,20.48,62.46,-83.0
C2VV_T10_Blue_20250118_1154_0_period_004_3416.0s-3695.2s.mp4__Negative_call004.wav,Whine,Negative,86.068762,3.2,1076.78,1103.04,1209.97,1082.4,4089.03,3.33,1069.67,1305.0,966.01,2827.7,27.2,57.37,-39.47
C2VV_T10_Green_20250118_1053_0_period_001_764.3s-1039.3s.mp4__Negative_call002.wav,Whine,Negative,87.075,0.45,454.85,459.33,571.36,457.09,4888.88,4.22,474.19,626.11,268.41,5943.8,19.05,64.98,-17.92
C2VV_T11_Natural_20250205_1133_0_merged_005_1185.2s-3973.7s.mp4__Ambiguous_call001.wav,Whine,Ambiguous,94.619093,1.08,812.2,878.03,1097.77,827.96,5002.03,4.98,568.8,1121.84,814.83,5958.06,15.76,67.68,-59.93
C2VV_T10_Blue_20250124_1228_0_period_005_1403.6s-1507.2s.mp4__Ambiguous_call002.wav,Whine,Ambiguous,107.93647,3.51,860.13,880.9,911.06,884.59,3244.64,2.86,883.63,1154.96,749.29,2707.78,26.75,53.63,-27.82
C2VV_T10_Blue_20250121_1127_0_merged_006_3140.0s-3679.4s.mp4__Negative_call005.wav,Whine,Negative,109.568772,3.61,604.01,607.61,613.71,613.44,2907.68,2.81,588.45,965.62,627.14,1374.36,22.31,42.41,-74.02
C2VV_T11_Natural_20250205_1133_0_merged_005_1185.2s-3973.7s.mp4__Ambiguous_call004.wav,Whine,Ambiguous,111.089937,1.49,956.55,1089.64,1166.95,1092.33,4585.38,4.1,947.63,1313.82,1005.35,6394.89,23.19,62.52,-33.24
C2VV_T10_Blue_20250124_1228_0_period_005_1403.6s-1507.2s.mp4__Ambiguous_call001.wav,Whine,Ambiguous,112.898299,2.57,942.62,958.2,977.66,948.46,3905.83,3.01,904.08,1159.23,844.08,2863.95,29.59,54.9,-11.49
pc_1265a1d3aec8ede5__C2VV_T11_Green_20250130_1339__1687.343s-1688.843s,Whine,Positive,116.306531,1.5,821.32,881.99,909.99,905.32,3976.63,3.73,836.97,981.75,592.41,4690.48,22.67,59.0,-56.96
C2VV_T10_Green_20250124_1329_0_period_004_2394.3s-2555.6s.mp4__Negative_call001.wav,Whine,Negative,118.0,1.75,504.0,681.35,827.8,0.0,5016.97,4.84,502.89,777.19,469.31,4522.91,17.73,69.22,-17.36
C2VV_T9_Natural2_20241219_1343_0_merged_008_2019.7s-2499.0s.mp4__Negative_call002.wav,Whine,Negative,118.224385,3.94,636.19,645.32,646.84,645.32,2420.39,2.44,642.75,883.8,613.57,1541.67,26.0,42.49,-34.69
C2VV_T6_Green_20241107_1210_0_merged_019_2156.6s-2249.8s.mp4__Negative_call006.wav,Cluck,Negative,118.422604,0.33,564.57,810.43,828.64,828.64,2188.41,4.42,405.66,443.97,57.4,1151.73,9.11,62.22,-59.37
C2VV_T8_Pink-line_20241203_1329_0_merged_001_95.6s-2841.6s.mp4__Ambiguous_call001.wav,Whine,Ambiguous,118.879547,0.6,761.24,804.93,946.09,767.96,4739.89,4.86,695.24,888.42,531.81,4641.16,21.85,57.98,-70.64
C2VV_T8_Pink-line_20241202_1235_0_period_008_3584.6s-3739.8s.mp4__Ambiguous_call001.wav,Whine,Ambiguous,121.826147,1.52,872.22,901.73,915.5,908.94,4501.79,3.58,865.79,1076.34,744.96,4501.08,27.87,56.4,-48.25
C2VV_T8_Pink-Green2_20241205_1105_0_merged_002_2124.4s-3632.1s.mp4__Negative_call004.wav,Whine,Negative,125.383364,2.9,571.55,1063.46,1098.97,1070.7,3503.4,3.12,576.78,805.39,401.82,1197.23,28.09,45.5,-43.41
pc_f89c94301c6645da__C2VV_T11_Green_20250130_1339__1543.401s-1544.699s,Whine,Positive,125.728168,1.298,810.47,854.39,906.01,909.86,3950.36,4.14,793.75,993.19,680.8,5135.71,21.19,60.48,-56.27
pc_e044248b4e396b1c__C2VV_T11_Green_20250130_1339__1573.039s-1574.752s,Whine,Positive,125.894301,1.713,772.9,855.79,907.74,861.04,4008.46,4.25,685.47,998.81,701.74,5524.88,23.93,61.59,-50.43
pc_3e6d84f11d542f23__C2VV_T11_Green_20250130_1339__700.934s-702.337s,Whine,Positive,128.929684,1.403,823.23,866.7,903.77,903.77,4394.13,3.72,859.92,981.06,670.81,3214.75,25.66,60.58,-35.14
C2VV_T9_Blue2_20241220_1215_0_merged_017_3371.1s-3782.5s.mp4__Negative_call001.wav,Whine,Negative,130.106033,2.9,906.0,942.89,958.06,954.96,2708.82,3.09,845.63,1041.29,724.56,3129.37,25.68,56.02,-45.66
C2VV_T11_Pink_20250207_1018_0_merged_012_1960.2s-3677.2s.mp4__Negative_call009.wav,Whine,Negative,132.076583,2.9,586.71,588.44,589.47,588.78,2867.34,2.75,594.76,790.89,276.55,1505.84,23.44,45.68,-72.54
C2VV_T8_Pink-Green2_20241205_1105_0_period_004_695.5s-944.4s.mp4__Ambiguous_call002.wav,Whine,Ambiguous,135.284726,2.52,804.76,835.71,842.86,842.06,4024.92,3.3,767.69,948.87,648.48,3372.11,25.0,53.77,-48.9
C2VV_T9_Green2_20241215_1300_0_period_002_589.3s-1046.5s.mp4__Negative_call003.wav,Whine,Negative,135.430498,1.82,974.55,993.21,1002.53,1000.34,4528.55,3.01,905.35,1043.22,733.29,2423.83,29.36,54.05,-17.74
pc_ae8a80019dc2169f__C2VV_T11_Green_20250130_1339__980.644s-981.318s,Whine,Positive,137.893774,0.674,771.5,833.81,907.99,777.43,4738.42,4.38,705.45,1012.92,642.82,6176.63,24.48,64.54,-63.21
C2VV_T6_Natural_20241108_1122_0_period_011_1191.1s-1206.1s.mp4__Negative_call001.wav,Whine,Negative,137.968602,2.79,642.82,663.25,1168.48,647.48,1790.28,3.81,514.83,913.28,604.53,2679.33,28.84,57.15,-30.5
C2VV_T11_Blue_20250130_1228_0_period_001_961.5s-1074.4s.mp4__Ambiguous_call002.wav,Whine,Ambiguous,138.110758,0.85,914.07,922.26,944.5,944.5,4759.18,3.59,462.27,551.36,161.83,1560.05,27.5,52.08,-9.97
C2VV_T10_Blue_20250121_1127_0_merged_006_3140.0s-3679.4s.mp4__Negative_call006.wav,Whine,Negative,138.522021,3.32,613.86,630.75,638.9,613.56,2694.08,2.8,646.25,988.76,549.44,2028.2,25.34,46.45,-64.77
C2VV_T9_Blue2_20241215_1039_0_period_005_1236.9s-1436.2s.mp4__Negative_call002.wav,Whine,Negative,140.731059,5.39,581.99,613.0,1096.38,589.23,2077.89,3.31,622.46,971.26,699.82,2416.81,30.55,51.35,-27.5
C2VV_T11_Pink_20250206_1055_0_period_014_2583.9s-3224.5s.mp4__Negative_call002.wav,Whine,Negative,142.614215,1.9,833.53,844.07,862.0,833.0,3522.5,2.79,801.89,921.42,514.94,1514.66,22.41,48.5,-69.23
C2VV_T10_Pink_20250123_1114_0_merged_015_1615.5s-1811.1s.mp4__Negative_call001.wav,Whine,Negative,143.305259,2.49,607.99,618.83,772.53,606.79,2774.04,2.47,723.44,932.15,352.95,2506.14,27.29,49.16,-66.78
C2VV_T7_Orange-Pink_20241119_1017_0_merged_044_3125.6s-3482.2s.mp4__Ambiguous_call003.wav,Whine,Ambiguous,143.632308,1.04,955.48,991.97,1042.87,991.97,2158.53,3.96,663.19,1165.45,861.23,4008.9,20.65,60.5,-34.4
C2VV_T6_Black_20241102_1142_0_merged_007_1786.4s-2613.2s.mp4__Negative_call002.wav,Whine,Negative,143.638976,2.9,535.69,875.24,931.43,541.21,2120.59,3.26,606.85,986.77,660.53,1495.5,27.41,49.64,-21.75
C2VV_T6_Green_20241107_1210_0_merged_019_2156.6s-2249.8s.mp4__Negative_call003.wav,Whine,Negative,145.333469,1.79,677.25,1200.45,1332.09,677.25,2370.06,3.57,508.65,650.16,364.21,1330.52,26.05,49.58,-69.88
C2VV_T9_Green2_20241215_1300_0_period_002_589.3s-1046.5s.mp4__Negative_call002.wav,Whine,Negative,148.676183,4.24,890.38,946.98,981.42,946.98,3705.18,3.0,914.02,1071.09,729.44,3205.05,32.08,54.72,-25.46
C2VV_T10_Green_20250123_1012_0_merged_007_1365.0s-1662.6s.mp4__Negative_call001.wav,Whine,Negative,149.902469,2.19,587.89,717.32,799.8,595.64,2811.04,3.77,654.94,849.94,544.1,5876.88,24.15,63.57,-35.41
pc_feaf07ba49ef3213__C2VV_T8_Green-line_20241130_1101__1451.671s-1452.240s,Whine,Positive,153.99364,0.569,713.53,727.59,738.13,729.35,4931.03,4.64,443.02,780.1,452.73,3215.39,21.97,56.24,-3.15
C2VV_T7_Orange-Pink_20241122_1250_0_period_003_2191.4s-2426.4s.mp4__Negative_call001.wav,Whine,Negative,154.671994,1.67,542.54,558.67,616.04,542.54,1847.04,3.9,540.1,677.96,361.02,2256.25,20.91,51.39,-32.99
pc_91acc4eb119375bb__C2VV_T6_Natural_20241105_1316__3421.763s-3422.487s,Whine,Positive,159.645344,0.724,899.15,1198.87,1459.92,1459.92,3274.35,5.48,931.85,1491.46,1144.57,7565.67,6.22,67.68,-30.06
C2VV_T11_Pink_20250207_1018_0_merged_012_1960.2s-3677.2s.mp4__Negative_call010.wav,Whine,Negative,161.429056,4.57,586.95,594.38,603.56,589.36,2076.6,2.62,587.39,695.07,185.46,1274.88,29.73,45.91,-25.36
C2VV_T9_Green2_20241218_1031_0_merged_012_1523.6s-1636.0s.mp4__Negative_call004.wav,Whine,Negative,161.71298,3.8,729.48,794.46,809.19,808.4,2639.98,3.03,747.8,927.55,612.98,2901.73,31.7,55.24,-23.39
C2VV_T11_Blue_20250207_1222_0_merged_013_3431.1s-3585.0s.mp4__Negative_call001.wav,Whine,Negative,161.749154,2.64,733.18,734.69,737.72,734.69,3693.08,2.95,638.19,772.72,454.99,1542.25,26.51,51.88,-59.3
C2VV_T7_Blue-Pink_20241119_1318_0_period_057_3164.2s-3193.0s.mp4__Negative_call001.wav,Whine,Negative,163.713296,2.75,1087.12,1478.44,1527.49,1491.52,2187.85,4.01,472.34,765.86,417.12,882.49,26.16,56.68,-55.77
C2VV_T8_Green-line_20241206_1019_0_period_040_4323.3s-4370.1s.mp4__Negative_call001.wav,Whine,Negative,166.933891,2.79,568.23,640.38,701.05,700.33,2761.49,2.52,606.13,775.88,416.63,2401.48,26.02,49.9,-68.45
C2VV_T8_Pink-line_20241206_1346_0_merged_015_1859.2s-2694.1s.mp4__Negative_call006.wav,Whine,Negative,167.334112,4.09,767.53,906.38,929.84,915.42,3677.98,3.36,812.29,1111.24,855.88,4506.16,29.21,57.08,-39.67
C2VV_T7_Orange-Pink_20241119_1017_0_merged_044_3125.6s-3482.2s.mp4__Ambiguous_call001.wav,Whine,Ambiguous,168.020639,2.34,637.63,678.17,1093.87,648.3,1896.13,4.17,571.87,1233.99,927.77,4769.62,23.9,59.75,-38.92
C2VV_T9_Blue2_20241215_1039_0_period_005_1236.9s-1436.2s.mp4__Negative_call003.wav,Whine,Negative,168.339103,6.98,602.86,631.95,1207.73,614.61,2244.51,3.81,591.46,1064.78,791.13,2976.51,25.29,54.44,-36.92
C2VV_T10_Blue_20250124_1228_0_period_005_1948.8s-2158.0s.mp4__Negative_call003.wav,Whine,Negative,168.377043,5.24,644.17,671.25,696.23,645.12,2335.05,2.73,663.76,968.52,702.06,2884.02,24.22,46.82,-57.47
C2VV_T6_Natural_20241108_1122_0_merged_007_1066.7s-1135.1s.mp4__Negative_call001.wav,Whine,Negative,173.771207,3.31,618.73,646.83,1100.0,621.75,1954.52,3.96,529.63,828.95,557.82,2765.72,25.53,52.27,-28.72
C2VV_T10_Blue_20250118_1154_0_period_004_3416.0s-3695.2s.mp4__Negative_call003.wav,Whine,Negative,173.858408,3.79,1000.66,1017.0,1045.47,1002.51,3288.65,2.86,1005.23,1159.61,849.88,2852.58,32.29,53.91,-23.2
C2VV_T8_Pink-Green2_20241130_1204_0_period_027_3322.2s-3395.6s.mp4__Ambiguous_call001.wav,Whine,Ambiguous,175.663789,1.09,371.77,393.75,424.88,369.94,5780.42,4.07,384.62,469.75,165.23,1837.86,24.27,51.74,-14.74
C2VV_T8_Pink-Green2_20241202_1131_0_period_011_3584.0s-3687.8s.mp4__Negative_call001.wav,Whine,Negative,175.7293,2.87,968.48,973.36,989.06,971.62,2794.02,2.81,555.2,923.35,492.49,1471.07,26.17,43.78,-24.22
C2VV_T9_Green2_20241215_1300_0_period_002_589.3s-1046.5s.mp4__Negative_call001.wav,Whine,Negative,176.189878,3.76,800.53,911.01,944.29,944.82,3561.42,2.84,855.96,1030.09,678.94,2322.24,29.15,51.25,-28.57
C2VV_T10_Blue_20250124_1228_0_period_006_2170.4s-2519.0s.mp4__Negative_call004.wav,Whine,Negative,178.249671,7.33,581.99,611.2,653.1,600.69,2252.48,3.18,604.44,1090.19,798.59,2726.14,29.48,54.6,-31.86
C2VV_T11_Pink_20250201_1053_0_period_004_3297.2s-3716.3s.mp4__Negative_call002.wav,Whine,Negative,180.129023,2.23,571.82,574.51,594.67,572.27,2396.05,3.09,547.05,844.64,509.47,2225.74,22.85,49.97,-54.22
C2VV_T9_Natural2_20241220_1321_0_period_016_3190.2s-3519.2s.mp4__Ambiguous_call001.wav,Whine,Ambiguous,180.155266,0.45,755.05,833.47,900.69,860.36,5923.06,5.28,521.67,953.73,609.21,4771.92,20.16,67.22,-0.33
C2VV_T10_Blue_20250124_1228_0_period_006_2170.4s-2519.0s.mp4__Negative_call002.wav,Whine,Negative,180.231297,0.93,1004.55,1040.04,1052.94,1045.42,4503.28,4.12,855.57,1133.41,824.73,4492.25,27.96,57.54,-61.57
C2VV_T9_Blue2_20241215_1039_0_period_005_1236.9s-1436.2s.mp4__Negative_call008.wav,Whine,Negative,186.914075,4.45,592.41,629.06,1189.1,591.74,2746.95,3.19,654.43,1003.67,663.71,1328.3,30.13,48.0,-50.43
pc_06e290dcd9f0e494__C2VV_T10_Green_20250119_1340__308.565s-308.995s,Cluck,Positive,187.410605,0.43,488.35,506.95,518.58,509.28,5758.35,4.56,506.43,654.25,198.98,2179.57,15.12,61.62,-10.19
C2VV_T9_Green2_20241212_1321_0_period_001_389.9s-534.1s.mp4__Ambiguous_call002.wav,Whine,Ambiguous,187.65,0.6,644.77,712.9,756.1,759.43,5441.66,4.54,631.05,806.09,490.92,5322.94,17.45,63.98,-60.97
C2VV_T7_Green-Blue_20241115_1215_0_period_003_1447.2s-1488.3s.mp4__Ambiguous_call002.wav,Whine,Ambiguous,188.71008,1.55,494.5,727.24,777.53,777.53,2233.53,4.56,363.19,424.74,110.11,1071.02,15.15,62.86,-24.49
C2VV_T11_Pink_20250206_1055_0_merged_003_348.0s-381.8s.mp4__Ambiguous_call001.wav,Whine,Ambiguous,188.969129,0.67,925.58,956.88,1031.4,918.13,4402.99,3.88,810.9,1107.48,796.66,4784.56,23.1,64.09,-20.34
C2VV_T10_Pink_20250119_1125_0_period_001_57.4s-248.5s.mp4__Negative_call001.wav,Whine,Negative,189.034235,1.71,611.4,698.5,714.28,604.97,2919.21,2.59,694.28,969.29,526.05,2802.71,25.72,52.02,-70.11
C2VV_T10_Blue_20250119_1234_0_period_002_1065.9s-1296.8s.mp4__Negative_call005.wav,Whine,Negative,189.369405,4.43,1001.64,1042.31,1075.53,1072.82,3555.95,2.65,956.98,1153.78,850.67,2159.46,31.63,47.9,-19.61
C2VV_T8_Pink-Green2_20241205_1105_0_merged_002_2124.4s-3632.1s.mp4__Negative_call012.wav,Whine,Negative,189.673893,3.31,645.01,649.54,1282.17,649.24,3293.61,3.27,624.06,923.08,513.09,832.02,24.47,43.96,-49.39
C2VV_T7_Green-Blue_20241118_1428_0_period_001_824.8s-975.6s.mp4__Negative_call030.wav,Alarm,Negative,189.953468,1.64,1057.8,1090.8,1123.19,1057.19,2119.07,4.25,568.52,1108.55,754.5,2721.92,21.69,56.53,-116.42
C2VV_T11_Pink_20250201_1053_0_period_004_3297.2s-3716.3s.mp4__Negative_call001.wav,Whine,Negative,191.762716,1.71,763.39,814.83,833.53,833.53,2818.18,3.22,708.03,924.66,541.24,3705.36,23.38,60.5,-77.11
C2VV_T8_Green-line_20241205_1001_0_period_019_2242.2s-3403.6s.mp4__Negative_call027.wav,Whine,Negative,194.767129,2.98,596.92,611.37,614.4,612.71,3409.5,2.58,633.46,892.3,481.37,1632.05,28.4,48.23,-49.27
C2VV_T11_Natural_20250205_1133_0_merged_005_1185.2s-3973.7s.mp4__Ambiguous_call003.wav,Whine,Ambiguous,194.869967,1.75,1040.06,1060.65,1121.87,1053.79,4261.16,3.28,856.26,1205.05,702.82,3682.58,27.46,58.64,-8.5
C2VV_T6_Green_20241107_1210_0_merged_008_757.1s-808.4s.mp4__Negative_call002.wav,Cluck,Negative,195.022069,0.35,525.75,662.9,908.63,617.18,2098.15,5.05,518.68,684.05,330.74,1740.73,0.0,57.15,-17.23
C2VV_T7_Green-Blue_20241118_1428_0_period_001_824.8s-975.6s.mp4__Negative_call035.wav,Alarm,Negative,195.417851,1.6,1063.01,1103.66,1172.44,1088.02,2212.34,4.6,646.13,1176.38,865.48,3899.77,18.76,59.09,-104.57
pc_d9dd6f4b86457b5f__C2VV_T9_Blue2_20241215_1039__1086.769s-1087.274s,Whine,Positive,197.071111,0.505,516.8,794.01,1039.53,1087.06,4799.42,5.05,437.92,557.62,263.46,3802.56,23.76,68.31,3.0
C2VV_T9_Natural2_20241219_1343_0_merged_008_2019.7s-2499.0s.mp4__Negative_call007.wav,Whine,Negative,199.01933,3.24,631.41,637.59,731.54,637.59,2401.77,3.01,499.13,941.08,669.85,1597.77,23.18,44.35,-56.76
C2VV_T8_Green-line_20241205_1001_0_period_019_2242.2s-3403.6s.mp4__Negative_call036.wav,Whine,Negative,202.103088,2.19,722.33,738.74,761.52,736.46,3091.12,2.4,747.19,1015.58,666.68,1782.74,29.39,47.62,-24.81
C2VV_T10_Green_20250121_1026_0_period_002_3009.8s-3070.5s.mp4__Negative_call002.wav,Whine,Negative,203.2623,2.83,727.39,803.1,853.7,839.55,2614.47,3.48,763.08,973.07,578.92,4626.2,28.66,62.44,-23.82
C2VV_T7_Pink-Green_20241119_1118_0_period_004_3513.4s-3564.0s.mp4__Negative_call004.wav,Whine,Negative,203.825,1.66,605.49,612.11,1180.32,607.3,1997.38,3.53,609.52,950.33,637.41,1583.46,26.76,55.02,-5.57
C2VV_T11_Pink_20250207_1018_0_merged_012_1960.2s-3677.2s.mp4__Negative_call001.wav,Whine,Negative,205.093896,4.61,644.67,663.32,675.03,671.99,1924.71,2.75,573.49,803.1,524.85,1631.2,28.3,48.9,-25.74
C2VV_T6_Green_20241107_1210_0_merged_012_1129.2s-1160.0s.mp4__Negative_call006.wav,Alarm,Negative,217.225256,0.59,734.61,775.14,932.19,737.98,2598.69,5.07,636.18,902.52,551.8,5924.31,14.35,48.97,-46.55
C2VV_T8_Pink-line_20241130_1306_0_period_025_3525.5s-3609.4s.mp4__Ambiguous_call001.wav,Whine,Ambiguous,217.275054,1.56,910.04,930.56,956.86,928.64,4830.21,3.58,678.99,1023.48,730.42,3801.52,26.61,53.87,-25.98
C2VV_T8_Pink-Green2_20241129_1216_0_period_001_50.4s-199.9s.mp4__Negative_call001.wav,Whine,Negative,218.750605,3.05,564.32,1098.15,1106.67,1098.47,2452.26,2.95,521.09,576.48,240.09,606.36,29.02,43.94,-31.13
C2VV_T9_Green2_20241218_1031_0_period_016_2299.8s-2422.6s.mp4__Negative_call004.wav,Whine,Negative,219.21164,4.5,596.65,633.32,738.65,571.32,2203.1,2.93,625.13,875.69,426.78,2454.94,29.78,50.78,-13.43
C2VV_T8_Pink-Green2_20241205_1105_0_merged_002_2124.4s-3632.1s.mp4__Negative_call013.wav,Alarm,Negative,220.39836,0.37,647.98,712.5,868.45,871.14,4400.81,5.02,667.65,814.96,400.77,8587.72,9.41,63.18,-96.11
C2VV_T8_Pink-Green2_20241205_1105_0_merged_002_2124.4s-3632.1s.mp4__Negative_call009.wav,Whine,Negative,221.397662,3.87,1042.43,1073.46,1093.88,1075.27,3029.55,3.82,502.02,558.19,118.06,547.87,21.85,48.09,-69.0
C2VV_T7_Green-Blue_20241118_1428_0_period_001_824.8s-975.6s.mp4__Negative_call007.wav,Alarm,Negative,222.210013,3.31,1055.59,1102.42,1160.73,1101.51,2292.4,4.34,543.78,1252.17,939.77,2823.86,24.77,56.04,-77.91
C2VV_T7_Green-Blue_20241117_1525_0_period_009_1839.2s-1982.6s.mp4__Negative_call003.wav,Whine,Negative,222.428576,2.86,625.06,641.12,681.63,641.12,1760.87,3.56,582.68,930.82,624.04,3886.52,25.49,57.44,-39.2
C2VV_T10_Green_20250124_1329_0_merged_007_3520.8s-3635.9s.mp4__Negative_call001.wav,Whine,Negative,223.25,3.38,478.96,540.42,583.56,461.82,2893.09,3.42,528.46,819.44,499.34,3576.93,29.84,63.97,-29.4
C2VV_T7_Green-Blue_20241117_1525_0_period_012_2142.3s-2197.4s.mp4__Negative_call001.wav,Alarm,Negative,224.615021,1.54,996.71,1029.89,1061.12,1030.54,2006.98,4.57,580.93,1274.13,937.96,3991.22,21.47,58.23,-104.71
C2VV_T10_Blue_20250124_1228_0_period_005_1948.8s-2158.0s.mp4__Negative_call001.wav,Whine,Negative,224.997414,2.79,929.97,934.27,961.52,931.76,3704.14,3.25,892.47,1098.89,788.86,2311.27,26.89,52.7,-53.71
C2VV_T10_Pink_20250123_1114_0_merged_009_751.7s-869.5s.mp4__Negative_call002.wav,Whine,Negative,225.043638,2.47,864.09,911.8,932.42,932.42,3520.05,3.24,812.53,1031.93,708.9,4119.26,30.12,59.44,-29.98
C2VV_T8_Pink-line_20241206_1346_0_merged_015_1859.2s-2694.1s.mp4__Negative_call005.wav,Whine,Negative,226.696766,1.38,997.75,1030.45,1038.44,1038.44,5494.86,3.96,754.53,1125.94,811.57,4412.58,27.25,59.59,-33.77
C2VV_T9_Natural2_20241219_1343_0_merged_007_1751.4s-2006.0s.mp4__Negative_call002.wav,Whine,Negative,228.469559,3.53,638.24,699.66,832.68,637.96,2546.25,2.67,657.03,969.1,696.01,2507.72,28.44,52.5,-44.54
C2VV_T10_Blue_20250119_1234_0_period_002_1065.9s-1296.8s.mp4__Negative_call004.wav,Whine,Negative,229.778648,1.52,1004.03,1074.2,1099.12,1099.78,4592.82,3.52,721.32,1167.68,849.17,3534.67,22.95,56.4,-31.92
C2VV_T10_Blue_20250124_1228_0_period_004_572.0s-1111.7s.mp4__Negative_call007.wav,Whine,Negative,230.023375,2.08,906.51,922.35,980.93,907.47,4196.97,3.59,828.88,1115.11,796.34,3805.52,28.81,59.78,-22.1
C2VV_T8_Pink-line_20241206_1346_0_merged_017_2984.5s-3844.7s.mp4__Negative_call032.wav,Alarm,Negative,235.901198,1.67,1070.74,1080.3,1125.12,1072.53,2360.5,4.51,692.87,1125.03,816.63,5208.4,16.43,61.54,-141.84
C2VV_T9_Green2_20241219_1241_0_merged_008_863.0s-967.5s.mp4__Negative_call003.wav,Whine,Negative,236.160945,2.62,871.38,904.95,922.5,908.77,3126.69,2.88,826.16,1022.54,679.32,3576.31,30.71,54.94,-15.39
C2VV_T10_Pink_20250119_1125_0_period_001_57.4s-248.5s.mp4__Negative_call002.wav,Whine,Negative,237.035412,2.08,833.53,843.62,878.67,838.34,3590.05,3.03,859.32,1272.46,941.7,3524.52,28.33,54.74,-62.69
C2VV_T9_Natural2_20241219_1343_0_merged_008_2019.7s-2499.0s.mp4__Negative_call003.wav,Whine,Negative,237.45021,2.68,585.94,607.23,700.59,584.82,2773.04,2.65,698.3,942.55,390.7,1849.45,26.7,45.37,-61.41
C2VV_T10_Blue_20250124_1228_0_period_006_2170.4s-2519.0s.mp4__Negative_call001.wav,Whine,Negative,239.238277,4.8,601.75,653.65,764.13,655.95,2359.38,3.29,724.11,1199.15,817.85,4029.41,28.66,60.45,-48.01
C2VV_T7_Green-Blue_20241118_1428_0_period_001_824.8s-975.6s.mp4__Negative_call040.wav,Alarm,Negative,244.699118,1.8,1082.13,1092.15,1116.66,1083.8,2049.0,4.38,764.95,1242.13,916.17,4968.3,20.05,61.82,-125.93
C2VV_T7_Blue-Pink_20241119_1318_0_merged_030_3299.5s-3417.3s.mp4__Negative_call002.wav,Whine,Negative,250.67637,5.02,1198.22,1420.89,1639.38,1252.39,2361.97,4.84,513.18,1494.22,1185.83,2565.21,23.6,58.66,-37.59
C2VV_T8_Green-line_20241206_1019_0_period_038_3021.1s-3454.2s.mp4__Negative_call007.wav,Whine,Negative,251.395823,1.67,885.5,999.03,1049.22,1008.59,2988.29,3.92,503.77,871.96,455.96,1221.86,17.63,55.27,-93.42
C2VV_T7_Green-Blue_20241118_1428_0_period_001_824.8s-975.6s.mp4__Negative_call013.wav,Alarm,Negative,251.803921,1.93,1022.78,1090.0,1140.16,1141.71,2083.93,4.38,741.2,1206.67,848.88,7042.54,19.13,64.38,-115.31
C2VV_T6_Green_20241107_1210_0_period_043_1478.8s-1494.1s.mp4__Negative_call001.wav,Whine,Negative,252.55698,1.8,608.67,1211.77,1236.83,608.11,2499.14,3.79,551.08,648.33,338.37,1445.78,22.55,47.33,-79.52
C2VV_T11_Pink_20250203_1110_0_period_007_3573.7s-3624.1s.mp4__Negative_call003.wav,Whine,Negative,253.307558,2.66,591.24,604.41,621.73,589.36,2145.66,2.28,609.49,777.86,321.34,1607.24,28.79,42.15,-46.18
C2VV_T6_Pink_20241108_1226_0_merged_018_3341.8s-3404.1s.mp4__Negative_call002.wav,Whine,Negative,253.94556,6.16,967.84,1023.83,1080.8,1038.28,1892.74,3.44,526.91,993.05,637.07,1353.25,30.11,48.69,-38.72
C2VV_T10_Green_20250121_1026_0_period_002_3009.8s-3070.5s.mp4__Negative_call001.wav,Whine,Negative,254.406863,0.82,574.18,841.81,931.83,929.39,2307.66,4.34,586.04,926.29,622.15,5842.87,24.94,69.34,3.95
C2VV_T9_Green2_20241216_1336_0_merged_023_3296.6s-3436.7s.mp4__Negative_call001.wav,Whine,Negative,254.488214,4.22,731.56,788.95,842.07,823.57,3122.3,2.56,756.93,923.52,584.33,2300.83,30.12,49.8,-8.69
C2VV_T8_Pink-line_20241206_1346_0_merged_017_2984.5s-3844.7s.mp4__Negative_call020.wav,Alarm,Negative,259.633193,2.68,1070.42,1072.66,1090.91,1071.91,2230.32,4.41,682.28,1179.41,854.5,4631.59,11.74,58.31,-165.62
C2VV_T7_Green-Blue_20241115_1215_0_period_003_1447.2s-1488.3s.mp4__Ambiguous_call001.wav,Whine,Ambiguous,260.33885,1.69,371.22,642.54,993.07,233.49,2249.44,5.13,574.65,1163.31,865.22,5979.47,1.48,70.05,-20.12
C2VV_T7_Green-Blue_20241118_1428_0_period_001_824.8s-975.6s.mp4__Negative_call024.wav,Alarm,Negative,260.452077,7.92,1032.61,1073.26,1126.91,1071.87,2038.56,4.55,654.73,1296.14,986.91,5257.97,20.51,58.01,-120.87
C2VV_T9_Natural2_20241218_1332_0_period_016_3485.4s-3738.9s.mp4__Negative_call001.wav,Whine,Negative,262.546116,2.34,930.41,979.06,987.6,986.32,2718.2,3.42,821.03,1014.83,688.0,3695.03,26.67,59.96,-66.1
C2VV_T8_Pink-Green2_20241205_1105_0_period_004_695.5s-944.4s.mp4__Ambiguous_call001.wav,Whine,Ambiguous,265.899277,1.97,544.36,568.2,843.68,546.39,4137.89,3.66,613.2,932.22,585.39,3058.59,23.84,54.28,-59.17
C2VV_T6_Pink_20241108_1226_0_merged_004_915.5s-929.7s.mp4__Negative_call001.wav,Whine,Negative,267.677433,1.91,913.05,922.99,955.45,914.62,1930.92,3.15,686.65,1028.66,737.56,3513.74,26.96,51.31,-38.46
C2VV_T9_Blue2_20241215_1039_0_merged_001_79.5s-552.3s.mp4__Negative_call003.wav,Whine,Negative,267.905868,3.35,500.12,615.14,969.46,489.96,2535.97,3.35,600.75,892.27,534.66,2362.12,29.73,54.37,-41.0
C2VV_T7_Green-Blue_20241117_1525_0_period_009_1839.2s-1982.6s.mp4__Negative_call004.wav,Whine,Negative,272.017555,5.02,907.23,1046.45,1076.92,1045.25,1747.6,3.59,517.21,667.46,358.89,1498.5,27.29,54.57,-33.97
C2VV_T9_Blue2_20241216_1111_0_period_003_125.6s-665.9s.mp4__Negative_call006.wav,Whine,Negative,273.753635,5.39,517.37,1040.85,1315.48,512.92,2423.65,3.96,521.54,948.09,563.64,1577.61,29.48,54.98,-39.25
C2VV_T10_Blue_20250122_1110_0_period_010_1603.3s-1740.8s.mp4__Negative_call001.wav,Whine,Negative,274.219369,2.6,977.19,987.95,995.63,982.19,3234.55,2.69,957.82,1045.71,626.89,1799.19,26.31,42.44,-36.35
C2VV_T9_Green2_20241218_1031_0_period_011_1356.5s-1450.6s.mp4__Negative_call001.wav,Whine,Negative,274.95544,3.74,901.52,953.36,1009.74,1019.62,2972.89,2.92,843.34,1090.32,770.58,3682.98,30.86,58.78,-28.13
C2VV_T8_Green-line_20241206_1019_0_period_038_3021.1s-3454.2s.mp4__Negative_call009.wav,Whine,Negative,275.727499,3.61,966.87,1072.2,1104.08,1058.34,2631.82,4.43,611.35,1159.45,851.06,4928.23,18.57,63.06,-66.97
C2VV_T10_Blue_20250124_1228_0_merged_011_3326.8s-3460.4s.mp4__Negative_call002.wav,Whine,Negative,277.346567,2.71,895.78,905.72,912.35,910.14,3241.81,2.6,862.41,1006.83,567.55,1866.14,24.86,44.38,-42.27
C2VV_T11_Natural_20250205_1133_0_period_003_225.3s-278.1s.mp4__Negative_call003.wav,Whine,Negative,277.92381,0.88,883.29,957.93,1023.53,956.8,4763.09,4.82,556.33,1121.22,809.78,4962.69,22.05,66.73,-60.24
C2VV_T7_Blue-Pink_20241122_1124_0_merged_003_842.7s-966.3s.mp4__Negative_call006.wav,Cluck,Negative,278.620167,0.82,845.73,927.61,964.28,917.83,1773.69,4.58,648.05,992.9,672.2,5325.36,22.0,66.61,-57.93
C2VV_T8_Pink-line_20241206_1346_0_merged_017_2984.5s-3844.7s.mp4__Negative_call014.wav,Alarm,Negative,279.388757,3.91,1069.38,1082.7,1106.77,1070.15,2345.95,4.2,614.96,1134.77,815.38,4786.48,18.44,58.51,-148.96
C2VV_T8_Pink-line_20241206_1346_0_merged_017_2984.5s-3844.7s.mp4__Negative_call039.wav,Alarm,Negative,281.420483,1.34,1065.81,1074.77,1111.37,1066.56,2727.79,4.19,600.07,1078.6,734.45,2581.04,17.55,55.27,-99.34
C2VV_T10_Blue_20250118_1154_0_period_003_1590.6s-1695.9s.mp4__Negative_call003.wav,Whine,Negative,281.539674,2.71,1033.9,1039.06,1062.63,1036.85,3618.07,2.99,941.59,1171.06,913.42,2736.95,26.89,49.17,-51.18
C2VV_T8_Pink-Green2_20241206_1132_0_merged_003_1978.6s-2486.2s.mp4__Negative_call001.wav,Whine,Negative,282.041594,2.6,586.54,759.01,792.42,792.04,2792.53,2.8,639.12,883.84,536.88,2382.29,28.81,47.44,-21.63
C2VV_T8_Green-line_20241206_1019_0_period_038_3021.1s-3454.2s.mp4__Negative_call014.wav,Whine,Negative,282.20291,7.51,1058.22,1087.11,1123.32,1074.2,2512.23,4.14,598.9,1191.45,888.38,3194.88,23.69,57.37,-46.49
C2VV_T10_Blue_20250123_1216_0_period_008_1163.9s-1356.7s.mp4__Negative_call002.wav,Whine,Negative,283.073303,3.2,695.97,944.52,1050.83,471.79,2879.17,4.63,457.66,872.61,565.44,2188.17,22.35,62.84,-60.0
C2VV_T9_Blue2_20241220_1215_0_merged_009_2035.6s-2182.4s.mp4__Negative_call001.wav,Whine,Negative,283.81919,6.25,622.27,663.24,1186.6,630.43,2603.47,3.5,610.4,1168.05,802.65,2035.32,27.29,54.26,-38.02
C2VV_T10_Blue_20250124_1228_0_period_004_572.0s-1111.7s.mp4__Negative_call004.wav,Whine,Negative,285.702186,3.09,926.19,940.12,971.22,937.53,3597.51,2.73,927.04,1095.39,785.3,1946.25,27.54,46.81,-32.32
C2VV_T8_Pink-Green2_20241201_1246_0_period_013_3593.6s-3693.2s.mp4__Negative_call001.wav,Whine,Negative,285.802767,2.36,561.64,1061.35,1112.68,560.37,3061.34,3.76,545.14,897.45,578.51,2276.84,28.0,48.78,-40.2
C2VV_T9_Blue2_20241216_1111_0_period_003_125.6s-665.9s.mp4__Negative_call008.wav,Whine,Negative,286.197604,3.75,526.19,1031.33,1117.39,520.33,2214.62,3.74,544.42,913.28,515.94,1695.63,31.3,55.02,-32.58
C2VV_T9_Blue2_20241218_1231_0_period_019_3189.1s-3307.2s.mp4__Negative_call001.wav,Whine,Negative,286.451025,2.49,831.24,900.44,921.37,901.25,3281.97,3.33,777.53,955.22,654.96,3185.69,26.76,60.95,-39.39
C2VV_T7_Blue-Pink_20241120_1318_0_merged_012_2021.3s-2094.0s.mp4__Negative_call001.wav,Whine,Negative,286.480284,3.09,710.43,760.32,1414.38,696.5,2084.39,3.41,355.83,382.49,63.27,332.23,29.64,43.9,-19.8
C2VV_T9_Blue2_20241216_1111_0_period_003_125.6s-665.9s.mp4__Negative_call002.wav,Whine,Negative,287.868018,3.94,733.08,846.97,985.98,830.99,2660.1,3.43,793.28,1067.24,630.45,3556.41,27.01,62.15,-46.71
C2VV_T11_Pink_20250201_1053_0_period_001_106.7s-209.7s.mp4__Ambiguous_call003.wav,Other,Ambiguous,291.771171,0.53,596.43,607.68,735.22,607.68,4088.0,4.63,526.18,651.62,340.92,4642.69,16.88,58.14,-16.07
C2VV_T10_Blue_20250121_1127_0_merged_006_3140.0s-3679.4s.mp4__Negative_call003.wav,Whine,Negative,292.116119,2.38,946.96,970.91,984.77,980.15,2988.65,3.52,689.15,1159.21,860.95,4868.83,29.2,60.29,-36.12
C2VV_T11_Natural_20250202_1230_0_merged_001_0.1s-364.9s.mp4__Negative_call005.wav,Whine,Negative,292.261743,3.27,1190.69,1220.4,1245.82,1221.62,2819.33,2.85,1154.17,1365.58,368.38,3098.83,28.79,59.41,-85.2
C2VV_T8_Green-line_20241206_1019_0_period_038_3021.1s-3454.2s.mp4__Negative_call016.wav,Whine,Negative,292.785623,6.95,1059.71,1092.93,1137.65,1118.09,2324.67,3.73,552.59,1222.37,926.6,1729.97,26.03,52.41,-39.98
C2VV_T10_Blue_20250124_1228_0_period_006_2170.4s-2519.0s.mp4__Negative_call007.wav,Whine,Negative,295.152155,5.73,598.35,631.17,639.21,597.48,2570.69,3.03,626.14,965.98,680.3,2007.51,25.84,48.45,-56.74
C2VV_T8_Pink-Green2_20241203_1118_0_period_003_3216.9s-3491.8s.mp4__Negative_call005.wav,Alarm,Negative,296.689616,8.14,1037.32,1063.23,1090.98,1053.04,2447.39,4.78,781.58,1293.23,983.67,5874.57,10.44,61.76,-167.25
C2VV_T11_Natural_20250205_1133_0_merged_002_585.8s-717.5s.mp4__Ambiguous_call003.wav,Whine,Ambiguous,298.68292,1.12,864.9,896.27,958.11,901.65,4563.17,4.49,902.79,1322.06,910.54,5580.39,23.75,63.64,-83.32
C2VV_T8_Green-line_20241202_1032_0_merged_008_892.1s-1219.5s.mp4__Negative_call005.wav,Whine,Negative,300.291557,5.17,588.64,654.02,847.85,582.26,2559.71,2.62,724.78,1041.25,696.59,2238.47,28.82,47.1,-37.85
C2VV_T8_Blue-cross_20241202_1340_0_merged_011_2235.1s-3386.8s.mp4__Ambiguous_call006.wav,Whine,Ambiguous,303.08911,3.56,677.23,712.91,784.25,695.21,3101.3,3.58,689.42,918.98,610.58,4450.58,25.84,61.8,-21.26
C2VV_T6_Natural_20241108_1122_0_merged_010_1880.8s-1953.2s.mp4__Negative_call002.wav,Whine,Negative,303.339425,2.75,616.61,1111.13,1168.54,610.79,1792.86,3.84,596.69,814.82,507.16,2313.55,25.98,60.5,-54.63
C2VV_T8_Green-line_20241202_1032_0_period_029_2633.0s-2879.0s.mp4__Negative_call001.wav,Whine,Negative,304.929405,1.49,750.84,762.94,779.07,760.25,3721.67,3.05,817.83,1271.67,960.85,3751.09,28.9,53.78,-42.62
C2VV_T10_Green_20250120_1042_0_merged_003_738.9s-823.1s.mp4__Ambiguous_call002.wav,Whine,Ambiguous,305.448598,3.05,583.02,588.92,812.88,587.28,2257.69,3.29,632.85,984.23,662.94,4852.46,28.04,53.45,-12.35
C2VV_T10_Blue_20250121_1127_0_merged_006_3140.0s-3679.4s.mp4__Negative_call002.wav,Whine,Negative,306.683147,1.64,916.03,947.8,973.47,974.08,4041.53,3.81,854.68,1075.96,765.87,3309.88,25.67,56.53,-31.35
C2VV_T10_Blue_20250119_1234_0_period_002_1065.9s-1296.8s.mp4__Negative_call007.wav,Whine,Negative,309.144624,4.46,863.78,997.78,1018.17,1017.49,2788.53,2.9,929.2,1119.17,808.47,2797.17,29.91,56.69,-26.8
C2VV_T10_Blue_20250124_1228_0_period_006_2170.4s-2519.0s.mp4__Negative_call005.wav,Whine,Negative,309.197882,7.44,577.69,629.86,658.76,569.09,2187.47,2.73,628.35,934.77,659.33,1975.93,28.43,47.46,-36.76
C2VV_T7_Green-Blue_20241118_1428_0_period_001_824.8s-975.6s.mp4__Negative_call020.wav,Alarm,Negative,309.701125,1.56,1069.18,1083.93,1121.13,1069.82,2140.23,4.36,627.25,1241.22,916.47,4994.46,18.92,54.2,-107.73
C2VV_T9_Natural2_20241219_1343_0_merged_006_630.6s-671.6s.mp4__Negative_call001.wav,Whine,Negative,310.428259,2.52,902.5,908.07,912.04,910.05,3546.95,3.37,876.05,1008.92,388.02,2923.76,25.03,53.43,-83.41
C2VV_T10_White_20250117_1114_0_period_001_53.3s-302.9s.mp4__Negative_call005.wav,Whine,Negative,311.356228,1.75,697.37,712.24,729.4,701.94,2095.03,3.18,655.79,821.8,503.01,3232.45,27.17,52.35,-55.82
C2VV_T8_Pink-Green2_20241130_1204_0_period_006_1520.5s-1594.9s.mp4__Negative_call003.wav,Whine,Negative,311.64305,3.27,1147.03,1166.89,1194.69,1164.44,2501.62,3.06,542.58,710.38,388.95,721.83,27.65,48.43,-57.14
C2VV_T8_Pink-Green2_20241202_1131_0_period_007_2386.3s-2508.8s.mp4__Negative_call022.wav,Alarm,Negative,314.134443,0.48,746.65,860.41,936.93,748.72,3127.31,4.87,465.64,890.42,572.99,5090.21,9.31,61.01,-102.88
C2VV_T9_Natural2_20241219_1343_0_merged_012_1450.0s-1513.5s.mp4__Negative_call001.wav,Whine,Negative,314.412006,1.15,925.47,972.31,1019.15,941.95,4606.68,3.6,937.46,1479.65,1174.33,3826.55,27.76,62.45,-15.1
C2VV_T8_Green-line_20241206_1019_0_period_031_2496.5s-2639.6s.mp4__Negative_call027.wav,Alarm,Negative,314.824975,2.57,1055.65,1060.33,1078.25,1058.38,2420.47,3.69,618.16,1075.06,764.8,4440.83,26.11,57.87,-115.63
C2VV_T10_Pink_20250117_1008_0_period_004_943.9s-1411.7s.mp4__Negative_call010.wav,Whine,Negative,315.722301,2.79,839.27,860.78,882.29,860.42,2440.71,3.15,694.61,961.75,649.65,2800.42,26.53,51.45,-66.79
C2VV_T8_Pink-Green2_20241202_1131_0_period_007_2386.3s-2508.8s.mp4__Negative_call016.wav,Alarm,Negative,315.988184,2.64,1029.32,1107.34,1211.48,1111.88,2522.57,4.76,770.07,1270.17,895.15,6955.21,12.88,61.54,-134.69
C2VV_T6_Natural_20241107_1007_0_merged_005_1357.5s-1378.3s.mp4__Negative_call001.wav,Whine,Negative,316.057717,2.41,638.18,695.74,769.04,646.87,2149.22,3.94,680.62,946.58,638.68,4249.12,25.88,63.78,-12.81
C2VV_T8_Pink-line_20241206_1346_0_merged_015_1859.2s-2694.1s.mp4__Negative_call008.wav,Whine,Negative,316.633229,1.4,865.62,930.83,966.66,953.76,4916.69,3.83,647.24,1105.43,816.01,4260.26,25.08,61.98,-21.5
C2VV_T7_Blue-Pink_20241119_1318_0_merged_030_3299.5s-3417.3s.mp4__Negative_call008.wav,Whine,Negative,317.354584,1.79,814.11,890.56,1186.85,826.39,1920.79,3.41,570.04,1025.43,703.65,2789.09,23.99,52.73,-48.26
C2VV_T8_Pink-Green2_20241204_1112_0_period_010_3107.1s-3145.2s.mp4__Negative_call003.wav,Whine,Negative,317.641379,4.94,1034.36,1113.14,1168.44,1174.31,2785.5,3.31,549.89,636.77,175.11,624.11,28.76,40.71,-27.41
pc_01e57fc9f6a46e71__C2VV_T11_Natural_20250131_1117__1793.661s-1795.210s,Whine,Positive,318.262357,1.549,818.59,1330.53,1422.85,0.0,5622.42,5.42,844.46,1461.32,1117.82,9880.04,9.68,67.79,-7.9
C2VV_T11_Natural_20250204_1002_0_period_002_296.2s-528.9s.mp4__Negative_call001.wav,Whine,Negative,321.004366,2.75,958.17,971.25,1006.13,962.53,3309.17,2.77,984.53,1182.13,727.2,3294.45,27.43,52.87,-51.26
C2VV_T8_Pink-line_20241206_1346_0_merged_016_2784.5s-2964.0s.mp4__Negative_call003.wav,Whine,Negative,322.997839,1.72,830.04,860.26,891.65,837.59,4190.86,3.53,781.88,1092.49,773.06,4341.1,26.45,54.93,-32.46
C2VV_T11_Pink_20250206_1055_0_merged_013_3842.3s-4345.0s.mp4__Negative_call001.wav,Whine,Negative,323.416619,2.78,818.62,824.38,829.05,826.89,2659.6,2.32,778.78,867.24,545.94,2685.91,29.48,49.61,-18.18
C2VV_T8_Green-line_20241206_1019_0_period_038_3021.1s-3454.2s.mp4__Negative_call005.wav,Whine,Negative,325.166692,2.49,927.84,1012.11,1053.05,1029.77,2275.36,3.61,528.1,843.0,455.68,1760.99,20.47,59.6,-70.28
C2VV_T8_Pink-Green2_20241204_1112_0_period_004_2162.4s-2246.8s.mp4__Negative_call001.wav,Alarm,Negative,326.666298,2.12,1038.25,1093.44,1290.62,1046.27,2451.17,4.73,889.11,1270.73,954.45,7297.21,14.15,62.97,-153.64
C2VV_T7_Blue-Pink_20241119_1318_0_merged_006_1355.9s-1491.3s.mp4__Negative_call001.wav,Whine,Negative,327.542909,6.1,728.11,1328.01,1408.68,1408.84,1797.07,3.3,472.2,984.5,685.93,1302.01,31.4,47.71,-32.69
C2VV_T10_Blue_20250124_1228_0_period_005_1948.8s-2158.0s.mp4__Negative_call004.wav,Whine,Negative,327.704472,2.94,944.15,963.55,982.61,943.81,3672.1,2.74,960.74,1076.32,663.81,1559.58,27.23,40.33,-49.8
C2VV_T8_Pink-line_20241205_1325_0_period_016_1020.9s-1431.1s.mp4__Ambiguous_call001.wav,Whine,Ambiguous,328.626248,0.52,764.38,845.05,927.63,921.87,5490.78,4.95,795.67,975.1,607.88,7060.39,18.25,72.02,-127.85
C2VV_T8_Green-line_20241205_1001_0_period_019_2242.2s-3403.6s.mp4__Negative_call034.wav,Whine,Negative,329.588758,2.57,1136.7,1178.01,1188.92,1179.57,2821.52,2.96,618.68,934.65,368.36,692.42,22.8,41.7,-71.59
C2VV_T10_Green_20250120_1042_0_merged_003_738.9s-823.1s.mp4__Ambiguous_call001.wav,Whine,Ambiguous,330.163242,2.05,969.44,1009.04,1029.08,1009.53,3550.61,4.22,881.62,1252.43,939.77,4178.11,23.95,66.49,-63.15
C2VV_T8_Pink-Green2_20241203_1118_0_period_003_3216.9s-3491.8s.mp4__Negative_call013.wav,Alarm,Negative,330.551097,13.89,1004.82,1058.53,1119.3,1040.68,2195.14,4.82,835.88,1394.22,1084.89,7160.57,12.35,61.27,-174.95
C2VV_T8_Pink-Green2_20241203_1118_0_period_003_3216.9s-3491.8s.mp4__Negative_call018.wav,Whine,Negative,331.174876,2.94,789.65,1079.14,1209.62,1079.14,2992.17,4.09,524.09,1184.03,881.08,3305.16,27.52,60.31,-30.11
C2VV_T7_Pink-Green_20241119_1118_0_period_004_3513.4s-3564.0s.mp4__Negative_call002.wav,Whine,Negative,331.376047,3.25,998.52,1019.72,1025.25,1020.95,1851.63,3.36,885.82,1170.41,849.95,3545.29,25.65,53.77,-38.92
C2VV_T6_Black_20241104_1009_0_merged_027_3529.3s-3584.9s.mp4__Negative_call001.wav,Alarm,Negative,331.646759,0.59,873.61,1076.65,1373.54,871.9,2478.44,5.41,544.51,1178.89,804.38,4530.41,10.24,69.1,-88.25
C2VV_T10_Blue_20250124_1228_0_period_004_572.0s-1111.7s.mp4__Negative_call005.wav,Whine,Negative,332.153435,4.57,678.11,874.2,930.6,934.53,2801.08,3.35,810.41,1124.33,677.95,3851.94,27.43,60.55,-45.87
C2VV_T6_Pink_20241108_1226_0_period_015_3499.4s-3539.1s.mp4__Negative_call001.wav,Whine,Negative,332.493951,5.49,976.09,1009.79,1071.55,1012.34,1968.15,3.51,530.7,1164.92,826.48,1822.13,26.78,53.01,-53.53
C2VV_T6_Natural_20241108_1122_0_merged_008_1944.1s-2055.3s.mp4__Negative_call002.wav,Whine,Negative,334.092117,2.92,644.54,786.17,904.89,640.43,1876.51,4.47,694.7,986.75,678.36,5030.58,20.18,62.61,-1.5
C2VV_T9_Green2_20241215_1300_0_period_003_1293.2s-1453.8s.mp4__Negative_call001.wav,Whine,Negative,334.918777,2.34,880.43,886.41,897.52,885.98,3539.15,2.76,810.8,976.39,652.88,2414.44,29.26,49.13,-29.71
C2VV_T8_Pink-Green2_20241128_1221_0_period_003_1023.1s-1094.1s.mp4__Negative_call002.wav,Whine,Negative,335.600006,1.82,850.0,898.84,926.82,919.69,2991.03,3.21,471.16,894.74,603.37,2450.86,23.87,51.58,-29.86
C2VV_T8_Pink-Green2_20241205_1105_0_merged_002_2124.4s-3632.1s.mp4__Negative_call045.wav,Whine,Negative,336.813678,3.53,513.14,537.2,542.01,510.88,3245.32,2.94,552.8,955.85,624.69,1467.59,23.92,36.79,-42.05
C2VV_T11_Natural_20250130_1122_0_period_003_286.0s-1443.3s.mp4__Ambiguous_call001.wav,Whine,Ambiguous,337.209473,1.52,1119.47,1168.65,1338.51,1335.89,5128.75,4.24,966.09,1433.63,1112.04,4172.47,23.28,61.32,-68.65
C2VV_T9_Green2_20241216_1336_0_period_023_2546.3s-2601.6s.mp4__Ambiguous_call001.wav,Whine,Ambiguous,337.34687,1.1,562.21,647.86,984.09,0.0,5361.04,5.36,477.34,665.1,356.71,4639.42,12.76,67.43,3.04
C2VV_T9_Green2_20241218_1031_0_period_005_464.8s-549.1s.mp4__Negative_call001.wav,Whine,Negative,337.53016,1.2,750.82,816.65,874.98,875.82,3748.78,3.37,782.25,956.45,419.6,3983.04,24.58,62.5,-17.45
C2VV_T7_Blue-Pink_20241122_1124_0_merged_018_2504.7s-2555.1s.mp4__Negative_call004.wav,Whine,Negative,338.413236,2.69,1221.18,1350.99,1611.75,1629.23,2299.05,4.91,433.89,1358.37,1050.21,2419.77,18.78,59.89,-61.92
C2VV_T7_Blue-Pink_20241117_1206_0_period_008_1970.5s-2158.7s.mp4__Ambiguous_call002.wav,Whine,Ambiguous,341.998993,1.56,350.18,764.38,1051.19,1054.39,2565.05,4.65,506.26,1235.69,912.98,4049.38,13.44,64.66,-13.31
C2VV_T8_Green-line_20241206_1019_0_period_031_2496.5s-2639.6s.mp4__Negative_call022.wav,Alarm,Negative,344.450498,2.16,790.89,841.42,858.57,837.71,2245.96,3.8,547.04,1012.04,695.58,4181.48,27.58,57.95,-60.21
C2VV_T9_Blue2_20241218_1231_0_merged_007_2435.3s-2764.3s.mp4__Negative_call004.wav,Whine,Negative,346.765529,7.18,896.09,1293.98,1354.16,1354.3,2462.7,3.94,466.9,915.03,583.5,1350.67,29.95,49.81,-50.64
C2VV_T11_Pink_20250206_1055_0_merged_010_2279.5s-2445.8s.mp4__Negative_call001.wav,Whine,Negative,346.962219,2.9,632.91,634.28,636.7,634.28,2753.97,2.47,502.27,836.91,527.6,1137.1,23.1,41.37,-56.38
C2VV_T8_Pink-Green2_20241205_1105_0_merged_002_2124.4s-3632.1s.mp4__Negative_call005.wav,Whine,Negative,347.186099,6.55,521.88,1013.2,1076.9,510.57,2971.2,3.55,527.67,796.87,381.33,656.88,29.03,48.96,-22.72
C2VV_T8_Blue-cross_20241202_1340_0_merged_011_2235.1s-3386.8s.mp4__Ambiguous_call003.wav,Whine,Ambiguous,347.232591,2.47,772.7,792.16,810.82,816.5,2613.37,3.33,640.85,849.76,541.37,3864.98,24.13,56.18,-46.53
C2VV_T6_Natural_20241101_1016_0_merged_001_121.5s-171.9s.mp4__Negative_call001.wav,Whine,Negative,347.29462,5.26,711.48,733.53,931.46,712.43,1842.9,3.55,463.17,967.09,692.68,2276.46,27.95,54.19,-26.89
C2VV_T6_Pink_20241101_1232_0_merged_004_798.8s-3591.4s.mp4__Ambiguous_call002.wav,Whine,Ambiguous,347.510191,1.86,716.84,1027.13,1064.78,1034.66,1909.17,4.11,759.78,1170.02,847.8,4206.2,22.32,64.53,-39.24
C2VV_T10_Pink_20250117_1008_0_merged_009_2082.1s-2191.8s.mp4__Negative_call010.wav,Whine,Negative,349.534922,2.16,904.67,911.16,913.48,913.01,2475.67,2.85,699.91,963.72,673.29,1941.65,26.88,44.26,-52.14
C2VV_T7_Blue-Pink_20241117_1206_0_period_002_613.3s-733.5s.mp4__Negative_call001.wav,Whine,Negative,352.527829,1.93,758.55,760.62,781.82,759.07,1790.32,2.89,535.7,837.24,534.7,1735.24,26.63,50.93,-37.23
C2VV_T10_Green_20250122_1324_0_merged_005_1003.4s-1095.5s.mp4__Negative_call001.wav,Whine,Negative,353.123523,3.94,595.09,621.47,730.04,621.22,2506.28,3.64,555.59,901.2,592.18,4512.11,26.25,61.26,-34.56
pc_9c5805225b3ddd95__C2VV_T6_Pink_20241106_1330__2576.595s-2577.134s,Whine,Positive,353.229393,0.539,647.47,1085.29,1111.27,1096.42,2431.61,4.85,463.82,983.01,674.9,6654.49,11.13,60.29,-46.62
C2VV_T8_Pink-Green2_20241201_1246_0_period_008_2680.0s-2707.1s.mp4__Negative_call006.wav,Alarm,Negative,354.077888,2.03,1054.18,1069.92,1188.48,1069.92,2459.11,4.63,786.22,1334.54,1026.15,7539.22,22.38,58.05,-124.32
C2VV_T6_Green_20241107_1210_0_period_015_2165.6s-2177.6s.mp4__Negative_call001.wav,Whine,Negative,354.17879,1.83,598.17,615.14,712.55,598.17,2168.5,3.71,560.78,734.45,426.79,2342.88,21.62,54.73,-19.94
C2VV_T11_Pink_20250130_1017_0_merged_014_3103.9s-3601.8s.mp4__Negative_call001.wav,Whine,Negative,355.392545,2.6,719.45,755.17,772.46,757.86,2881.7,2.9,719.43,829.61,469.68,3187.55,24.78,53.58,-58.5
C2VV_T8_Green-line_20241205_1001_0_period_019_2242.2s-3403.6s.mp4__Negative_call029.wav,Whine,Negative,355.753444,4.17,589.86,1019.59,1081.77,587.94,2425.84,3.14,570.63,864.93,404.22,1217.74,26.65,48.13,-31.16
C2VV_T7_Green-Blue_20241118_1428_0_period_001_824.8s-975.6s.mp4__Negative_call001.wav,Alarm,Negative,355.810472,3.38,1020.86,1050.7,1126.94,1029.72,2036.91,4.47,572.42,1278.63,1001.0,4408.65,23.93,64.41,-84.86
C2VV_T8_Green-line_20241203_1014_0_merged_016_2979.0s-3145.5s.mp4__Negative_call003.wav,Whine,Negative,356.08025,1.27,1081.97,1118.22,1132.41,1128.47,4846.43,4.16,831.23,1234.5,926.11,3785.48,21.67,62.65,-75.76
pc_e8460a05f02c15bd__C2VV_T8_Green-line_20241202_1032__1663.914s-1664.204s,Whine,Positive,357.385048,0.29,541.34,796.49,917.17,920.62,5340.53,5.4,408.16,458.52,136.98,4910.82,18.96,67.24,-5.21
C2VV_T7_Blue-Pink_20241118_1627_0_period_005_2867.5s-3056.9s.mp4__Negative_call005.wav,Whine,Negative,357.823066,2.2,765.83,771.29,1136.67,765.83,1863.06,3.32,390.41,512.53,202.85,624.54,29.16,43.96,-38.52
C2VV_T6_Green_20241031_1224_0_period_001_341.0s-352.7s.mp4__Ambiguous_call002.wav,Cluck,Ambiguous,358.215795,0.23,413.19,666.43,875.25,875.25,1932.12,5.07,395.29,455.92,104.72,3628.33,4.44,62.2,-10.4
C2VV_T10_Blue_20250124_1228_0_period_006_2170.4s-2519.0s.mp4__Negative_call008.wav,Whine,Negative,358.385814,2.75,638.41,648.22,664.57,638.77,2917.9,3.38,563.77,791.83,478.2,2812.3,21.98,52.87,-80.63
C2VV_T8_Green-line_20241202_1032_0_period_029_2633.0s-2879.0s.mp4__Negative_call002.wav,Whine,Negative,358.950076,2.75,787.75,811.36,830.26,828.81,3983.75,3.1,783.42,1068.55,742.72,3087.83,26.16,51.6,-78.13
C2VV_T8_Pink-Green2_20241203_1118_0_period_001_2726.9s-2772.2s.mp4__Negative_call010.wav,Alarm,Negative,359.717008,0.22,1383.97,1695.47,2407.48,1486.32,3561.83,6.49,,,,,,62.3,-99.69
C2VV_T8_Green-line_20241206_1019_0_period_038_3021.1s-3454.2s.mp4__Negative_call011.wav,Whine,Negative,362.276005,1.64,895.86,919.69,1043.13,895.86,2644.47,3.84,505.93,848.69,458.35,936.06,15.58,56.53,-108.86
C2VV_T8_Blue-cross_20241205_1219_0_period_002_135.2s-254.8s.mp4__Negative_call002.wav,Whine,Negative,362.800238,2.6,499.35,502.81,773.99,502.04,3310.28,4.11,463.34,711.92,390.2,2728.35,22.66,58.39,-85.49
C2VV_T7_Blue-Pink_20241122_1124_0_merged_009_1838.2s-2085.7s.mp4__Negative_call002.wav,Whine,Negative,363.245426,4.31,1195.59,1449.41,1569.48,1233.38,2266.92,4.73,494.67,1495.33,1189.31,2803.22,25.03,60.03,-52.2
C2VV_T8_Pink-Green2_20241203_1118_0_period_003_3216.9s-3491.8s.mp4__Negative_call016.wav,Alarm,Negative,363.278454,2.59,608.96,749.99,943.96,769.31,3918.33,5.07,561.74,970.56,661.83,5820.84,12.17,61.63,-130.33
C2VV_T6_Natural_20241106_1107_0_merged_032_3784.6s-3878.6s.mp4__Negative_call002.wav,Whine,Negative,363.366831,3.25,1042.78,1180.45,1254.98,1186.3,2349.15,4.61,600.57,1199.25,919.27,4339.05,26.18,62.98,-42.67
C2VV_T8_Green-line_20241205_1001_0_period_019_2242.2s-3403.6s.mp4__Negative_call030.wav,Whine,Negative,366.162209,5.99,645.32,1003.88,1225.67,1226.84,2119.98,2.92,535.97,886.18,603.79,914.07,25.3,42.59,-35.24
C2VV_T7_Blue-Pink_20241121_1300_0_period_013_2708.0s-2813.5s.mp4__Negative_call002.wav,Whine,Negative,368.427039,5.73,1162.3,1375.84,1450.92,1137.34,2002.88,4.26,626.66,1489.06,1172.28,4714.99,26.36,57.44,-35.2
pc_8f87c6ae91f2e226__C2VV_T8_Blue-cross_20241202_1340__3358.582s-3358.961s,Whine,Positive,368.663318,0.379,538.22,572.52,664.86,572.52,5737.86,5.04,573.53,681.84,181.81,3767.97,15.83,51.45,-86.53
C2VV_T8_Green-line_20241203_1014_0_merged_016_2979.0s-3145.5s.mp4__Negative_call004.wav,Whine,Negative,368.790036,3.63,813.45,834.37,856.93,855.83,3024.21,2.96,788.41,1093.17,810.25,3167.37,28.21,52.84,-44.74
C2VV_T6_Pink_20241108_1226_0_merged_003_845.2s-884.7s.mp4__Negative_call001.wav,Whine,Negative,369.045689,2.5,627.14,817.64,956.11,562.7,1601.33,3.86,613.98,1025.7,717.5,4504.32,20.41,61.63,-18.41
C2VV_T9_Blue2_20241215_1039_0_merged_001_79.5s-552.3s.mp4__Negative_call006.wav,Whine,Negative,371.938952,3.14,641.26,696.61,1137.16,681.98,2640.06,3.4,735.37,1050.11,778.09,2942.24,25.92,58.05,-58.78
C2VV_T8_Green-line_20241206_1019_0_period_038_3021.1s-3454.2s.mp4__Negative_call015.wav,Whine,Negative,373.325628,6.69,1019.51,1066.57,1103.16,1063.28,2227.35,3.67,567.4,1183.61,884.41,2555.07,25.77,52.06,-44.36
C2VV_T11_Natural_20250204_1002_0_period_005_3105.4s-3293.5s.mp4__Ambiguous_call001.wav,Whine,Ambiguous,374.322826,0.74,738.56,993.74,1072.05,1138.21,5236.67,4.71,450.94,603.26,311.54,3858.95,18.9,65.48,0.23
C2VV_T11_Natural_20250202_1230_0_merged_001_0.1s-364.9s.mp4__Negative_call001.wav,Whine,Negative,374.395111,2.45,1037.63,1047.82,1053.93,1047.82,2882.05,2.43,1061.59,1209.49,710.99,2687.43,30.76,48.48,-30.79
C2VV_T8_Pink-line_20241206_1346_0_merged_017_2984.5s-3844.7s.mp4__Negative_call004.wav,Alarm,Negative,374.839434,10.15,1075.38,1078.63,1081.88,1079.12,2195.2,4.54,537.99,1098.13,787.61,1530.68,4.44,61.56,-185.82
C2VV_T10_Blue_20250123_1216_0_period_008_1163.9s-1356.7s.mp4__Negative_call001.wav,Whine,Negative,375.014035,3.01,735.93,1001.5,1076.18,646.97,2716.28,4.94,424.78,1324.63,1030.07,3619.35,18.59,66.22,-68.91
C2VV_T8_Pink-Green2_20241204_1112_0_merged_011_3396.0s-4056.1s.mp4__Negative_call009.wav,Whine,Negative,377.620489,2.45,613.54,676.68,1129.7,615.17,3563.69,3.41,629.27,1070.42,800.28,3151.39,26.68,47.87,-53.59
C2VV_T6_Green_20241108_1337_0_period_014_1715.1s-1725.8s.mp4__Negative_call001.wav,Whine,Negative,377.794114,2.15,1221.59,1268.97,1296.38,1268.97,2461.31,3.33,542.22,727.5,412.32,818.05,24.62,48.07,-70.98
C2VV_T9_Green2_20241219_1241_0_merged_009_985.6s-1169.7s.mp4__Negative_call001.wav,Whine,Negative,378.502381,2.83,804.87,843.08,861.13,863.6,3635.84,2.81,770.0,935.6,616.71,2755.93,30.6,53.07,-21.74
C2VV_T8_Pink-Green2_20241203_1118_0_merged_004_3504.6s-3575.6s.mp4__Negative_call001.wav,Whine,Negative,379.010282,5.13,578.68,1108.46,1149.18,1109.63,2820.08,3.98,554.5,1047.24,736.82,1493.13,23.19,48.03,-55.98
C2VV_T8_Blue-cross_20241205_1219_0_period_002_135.2s-254.8s.mp4__Negative_call003.wav,Whine,Negative,380.541863,2.0,676.03,713.62,767.74,712.62,3306.25,3.8,681.34,841.28,512.12,5253.32,24.81,64.9,-25.96
C2VV_T9_Green2_20241218_1031_0_period_016_2299.8s-2422.6s.mp4__Negative_call002.wav,Whine,Negative,381.675796,0.67,467.54,480.99,570.61,467.54,4049.0,4.24,503.74,765.0,401.47,4344.61,26.14,60.5,-27.25
C2VV_T11_Pink_20250203_1110_0_period_007_3573.7s-3624.1s.mp4__Negative_call001.wav,Whine,Negative,385.962302,3.47,559.38,561.4,602.33,560.83,2112.12,2.26,589.55,788.28,337.17,1894.21,29.25,46.69,-29.92
C2VV_T8_Pink-Green2_20241202_1131_0_period_007_2386.3s-2508.8s.mp4__Negative_call011.wav,Alarm,Negative,387.995079,3.27,1011.06,1072.47,1181.55,1010.75,2399.02,4.84,525.99,1263.53,946.62,4546.16,12.37,59.12,-164.11
C2VV_T9_Blue2_20241218_1231_0_period_019_3189.1s-3307.2s.mp4__Negative_call002.wav,Whine,Negative,389.23169,3.06,536.29,1039.92,1312.64,507.55,2740.91,4.24,580.23,1089.33,767.72,3191.92,22.86,61.73,-58.87
C2VV_T9_Blue2_20241216_1111_0_period_003_125.6s-665.9s.mp4__Negative_call010.wav,Whine,Negative,389.34073,1.45,882.48,891.45,915.58,882.48,4625.15,3.02,834.34,1169.04,860.34,2909.91,28.27,46.54,-39.89
C2VV_T9_Blue2_20241216_1111_0_period_003_125.6s-665.9s.mp4__Negative_call009.wav,Whine,Negative,389.433081,5.47,487.28,1030.35,1421.97,481.24,2489.92,3.86,504.79,891.93,506.83,1615.01,26.52,53.04,-40.9
C2VV_T9_Blue2_20241220_1215_0_merged_010_2228.5s-2467.0s.mp4__Negative_call022.wav,Whine,Negative,389.45162,4.06,947.77,1386.83,1417.84,1404.55,2906.81,3.84,475.64,863.97,443.69,860.7,23.01,49.59,-55.95
C2VV_T7_Green-Blue_20241114_1335_0_period_009_1788.2s-1831.6s.mp4__Negative_call001.wav,Whine,Negative,390.774577,1.7,524.26,587.36,626.28,587.36,2143.81,4.17,543.32,638.49,334.14,3838.56,19.76,61.92,-13.34
C2VV_T11_Blue_20250131_1224_0_merged_002_101.9s-758.3s.mp4__Ambiguous_call001.wav,Whine,Ambiguous,390.885097,1.93,803.02,806.64,860.42,804.06,3813.5,3.09,772.73,1001.39,693.0,3462.29,28.18,55.59,-43.05
C2VV_T8_Pink-Green2_20241130_1204_0_period_004_1108.5s-1184.9s.mp4__Negative_call001.wav,Whine,Negative,391.318417,1.7,876.82,894.48,910.95,880.35,3481.78,3.19,516.97,879.83,475.7,1764.11,26.48,50.9,-28.27
C2VV_T7_Green-Blue_20241117_1525_0_period_012_2142.3s-2197.4s.mp4__Negative_call004.wav,Alarm,Negative,391.472556,12.95,1110.14,1133.55,1185.23,1117.17,2080.72,4.35,537.77,1298.67,999.52,3213.81,20.32,57.82,-137.68
pc_d6a97fc20bfb1aa2__C2VV_T11_Green_20250130_1339__1709.141s-1709.588s,Whine,Positive,391.943189,0.447,821.02,865.76,910.5,910.5,5116.92,4.87,656.19,980.23,659.82,7589.05,12.3,63.76,-85.72
C2VV_T8_Pink-Green2_20241204_1112_0_period_011_3300.0s-3333.0s.mp4__Negative_call003.wav,Whine,Negative,393.42566,5.57,617.66,1112.64,1223.64,1223.28,3091.43,3.84,544.56,626.29,320.4,757.58,26.85,48.22,-31.57
C2VV_T8_Pink-line_20241206_1346_0_merged_017_2984.5s-3844.7s.mp4__Negative_call008.wav,Alarm,Negative,394.600594,7.44,1078.49,1093.01,1113.44,1080.1,2221.19,4.28,682.82,1211.19,863.83,4467.76,11.29,59.62,-161.97
C2VV_T6_Natural_20241107_1007_0_period_004_962.6s-974.2s.mp4__Negative_call001.wav,Whine,Negative,394.976683,4.9,650.51,1218.31,1260.59,1264.06,2145.56,4.02,500.35,736.18,453.2,2155.44,27.16,57.19,-30.5
C2VV_T7_Orange-Pink_20241117_1419_0_merged_005_1087.8s-1110.3s.mp4__Negative_call001.wav,Whine,Negative,395.448049,2.32,1069.88,1115.17,1135.02,1103.96,1736.32,3.44,566.78,668.85,246.56,1603.61,28.47,53.71,-39.22
C2VV_T7_Blue-Pink_20241122_1124_0_period_037_3345.8s-3387.1s.mp4__Negative_call001.wav,Whine,Negative,396.316257,3.1,636.76,645.47,1239.95,638.05,1601.55,3.29,582.9,770.15,484.39,1467.66,30.66,47.76,-32.84
C2VV_T10_Blue_20250123_1216_0_merged_004_408.7s-969.0s.mp4__Negative_call001.wav,Whine,Negative,397.424463,2.53,671.41,705.81,1023.72,670.62,2566.97,2.96,576.22,1041.7,748.78,2036.49,19.57,39.94,-111.04
pc_f906ed631a12bd2f__C2VV_T10_Green_20250122_1324__1896.349s-1897.098s,Whine,Positive,397.775474,0.749,436.57,810.39,877.14,431.23,3789.4,4.56,458.25,975.86,638.3,3952.86,22.03,53.4,-11.49
C2VV_T11_Natural_20250205_1133_0_period_003_225.3s-278.1s.mp4__Negative_call005.wav,Whine,Negative,398.115898,3.64,889.96,962.58,997.25,997.25,3217.49,3.21,886.62,1126.29,784.8,3828.21,26.27,53.64,-58.66
C2VV_T6_Natural_20241108_1122_0_merged_008_1944.1s-2055.3s.mp4__Negative_call004.wav,Whine,Negative,398.522196,2.95,781.28,1153.11,1199.21,1149.72,1845.0,3.79,597.12,810.05,512.6,1944.7,27.12,56.6,-26.01
C2VV_T10_Blue_20250124_1228_0_period_004_572.0s-1111.7s.mp4__Negative_call003.wav,Whine,Negative,401.530011,2.83,976.82,987.43,1014.32,1014.67,3380.48,2.54,967.94,1159.9,849.19,1372.46,27.95,41.22,-41.47
C2VV_T8_Pink-line_20241204_1222_0_period_001_46.2s-435.3s.mp4__Ambiguous_call001.wav,Whine,Ambiguous,402.522278,1.59,932.46,969.49,980.78,932.46,5091.73,3.5,812.37,1128.96,706.68,3694.8,26.04,55.85,-26.28
C2VV_T8_Green-line_20241203_1014_0_merged_014_2316.6s-2515.5s.mp4__Negative_call005.wav,Whine,Negative,403.028704,1.97,831.49,849.75,871.57,854.83,5232.85,4.12,760.52,1165.83,857.44,4099.86,17.5,61.89,-131.23
C2VV_T9_Green2_20241216_1336_0_period_007_453.7s-542.3s.mp4__Negative_call001.wav,Whine,Negative,403.282033,1.24,609.85,748.41,816.89,598.57,5777.97,4.3,692.1,863.22,544.67,4191.68,22.15,60.82,-61.79
C2VV_T8_Pink-Green2_20241202_1131_0_period_008_2628.4s-2702.9s.mp4__Negative_call001.wav,Alarm,Negative,403.335795,3.38,1054.26,1062.83,1089.71,1055.44,2359.17,4.6,654.99,1261.67,953.55,5669.7,15.51,61.61,-160.34
C2VV_T7_Green-Blue_20241121_1150_0_merged_009_781.3s-868.8s.mp4__Negative_call003.wav,Whine,Negative,403.533615,2.92,587.25,1037.38,1101.15,587.94,1918.55,3.72,537.22,613.42,320.78,1839.8,28.45,53.65,-47.56
C2VV_T8_Green-line_20241206_1019_0_period_038_3021.1s-3454.2s.mp4__Negative_call017.wav,Whine,Negative,403.821011,2.38,1086.45,1225.51,1254.08,1225.51,2774.91,3.2,606.55,641.27,294.04,754.96,21.43,44.32,-71.12
C2VV_T7_Blue-Pink_20241118_1627_0_period_005_2867.5s-3056.9s.mp4__Negative_call003.wav,Whine,Negative,404.435671,5.33,735.02,747.03,1438.34,735.02,1803.99,3.1,650.4,913.5,599.27,1125.54,29.83,45.68,-25.91
C2VV_T8_Green-line_20241206_1019_0_period_038_3021.1s-3454.2s.mp4__Negative_call018.wav,Whine,Negative,404.744463,2.68,1029.91,1078.35,1114.5,1112.26,2332.75,3.05,526.11,693.25,327.35,1044.66,22.92,47.14,-66.51
C2VV_T8_Pink-Green2_20241203_1118_0_period_003_3216.9s-3491.8s.mp4__Negative_call001.wav,Alarm,Negative,405.045758,12.36,988.1,1023.23,1064.99,989.8,2224.04,4.75,779.25,1366.5,1058.11,6630.31,12.14,60.91,-164.0
C2VV_T11_Natural_20250202_1230_0_merged_001_0.1s-364.9s.mp4__Negative_call006.wav,Whine,Negative,405.444412,2.25,1021.6,1047.77,1114.75,1046.0,3509.62,3.25,1026.24,1248.23,932.89,4586.57,27.5,62.55,-13.07
C2VV_T8_Pink-line_20241206_1346_0_merged_015_1859.2s-2694.1s.mp4__Negative_call003.wav,Whine,Negative,406.51728,1.49,895.36,914.86,963.25,908.13,4209.57,3.41,926.6,1107.39,799.0,3992.51,30.58,60.16,-36.18
C2VV_T10_Pink_20250117_1008_0_period_004_943.9s-1411.7s.mp4__Negative_call011.wav,Whine,Negative,408.568073,3.01,760.5,767.14,825.56,763.15,2199.57,3.0,712.56,901.35,564.33,2377.58,29.38,53.28,-56.0
C2VV_T8_Blue-cross_20241202_1340_0_merged_011_2235.1s-3386.8s.mp4__Ambiguous_call001.wav,Whine,Ambiguous,408.646935,1.71,664.02,793.2,837.04,835.87,3637.97,4.41,467.34,826.4,513.67,4896.21,25.43,61.96,-34.06
C2VV_T8_Pink-Green2_20241205_1105_0_merged_002_2124.4s-3632.1s.mp4__Negative_call022.wav,Alarm,Negative,409.015116,2.94,1077.9,1094.92,1100.36,1096.96,2290.85,4.31,667.0,1222.79,917.43,5604.4,24.68,58.2,-131.01
C2VV_T10_Blue_20250123_1216_0_merged_004_408.7s-969.0s.mp4__Negative_call004.wav,Alarm,Negative,409.608069,0.63,646.88,691.16,871.47,670.6,3095.55,4.61,565.08,817.89,499.34,7064.79,11.07,53.77,-106.65
C2VV_T9_Blue2_20241215_1039_0_merged_001_79.5s-552.3s.mp4__Negative_call004.wav,Whine,Negative,410.282211,1.64,817.64,835.97,848.81,836.58,3166.83,3.03,864.83,1034.47,599.23,3432.88,29.64,58.97,-57.44
C2VV_T7_Green-Blue_20241117_1525_0_period_009_1839.2s-1982.6s.mp4__Negative_call006.wav,Whine,Negative,410.557202,2.12,622.67,1067.97,1109.48,1081.18,2074.66,3.72,542.57,659.86,345.3,1188.85,24.06,48.59,-48.8
C2VV_T10_Pink_20250123_1114_0_merged_015_1615.5s-1811.1s.mp4__Negative_call006.wav,Whine,Negative,410.946808,3.16,540.93,570.34,585.84,539.66,2652.64,3.19,566.41,794.35,481.21,2482.13,21.35,47.13,-65.06
C2VV_T7_Blue-Pink_20241120_1318_0_period_007_918.9s-996.7s.mp4__Negative_call001.wav,Whine,Negative,411.897322,6.55,765.4,1143.82,1225.86,765.4,2035.89,3.71,456.66,1011.09,697.51,1132.94,29.56,47.74,-50.51
C2VV_T8_Pink-Green2_20241205_1105_0_merged_002_2124.4s-3632.1s.mp4__Negative_call029.wav,Alarm,Negative,411.958708,4.27,879.96,975.18,1111.12,1037.65,2089.44,4.62,754.19,1278.07,973.41,7616.84,25.27,63.29,-44.35
C2VV_T8_Green-line_20241202_1032_0_merged_012_1536.6s-1808.0s.mp4__Ambiguous_call003.wav,Whine,Ambiguous,412.592249,1.6,793.51,812.89,834.78,819.77,4593.44,3.68,704.23,1032.32,696.43,4026.35,31.89,51.9,-21.72
C2VV_T10_Blue_20250122_1110_0_period_010_1603.3s-1740.8s.mp4__Negative_call004.wav,Whine,Negative,412.664102,3.42,640.05,831.49,912.73,914.49,2556.77,2.87,803.71,979.83,523.92,2849.81,24.4,53.63,-77.29
C2VV_T11_Pink_20250207_1018_0_merged_012_1960.2s-3677.2s.mp4__Negative_call003.wav,Whine,Negative,412.676315,3.5,639.59,649.03,661.05,647.32,2315.41,2.57,537.68,675.33,393.05,1219.24,25.17,45.62,-44.59
C2VV_T10_Blue_20250118_1154_0_period_001_194.1s-230.2s.mp4__Negative_call002.wav,Whine,Negative,413.221793,5.26,633.72,820.32,961.89,639.61,2118.55,2.77,778.42,1134.33,859.24,2502.56,27.27,50.17,-28.16
C2VV_T9_Green2_20241220_1010_0_merged_005_282.0s-342.3s.mp4__Negative_call001.wav,Whine,Negative,413.662006,2.16,595.24,849.29,1120.49,595.71,3178.73,3.99,729.12,1083.5,781.59,4043.86,22.48,58.41,-96.15
C2VV_T8_Pink-Green2_20241203_1118_0_period_001_2726.9s-2772.2s.mp4__Negative_call006.wav,Alarm,Negative,414.822933,0.22,729.81,765.41,898.91,760.96,3654.6,5.09,510.17,723.27,406.81,4478.62,4.45,53.4,-53.61
C2VV_T9_Green2_20241215_1300_0_period_001_180.2s-505.7s.mp4__Ambiguous_call001.wav,Whine,Ambiguous,415.146145,2.08,916.6,931.48,967.98,930.52,3284.77,3.04,886.87,1064.65,718.15,3539.21,27.13,59.3,-19.25
C2VV_T6_Pink_20241101_1232_0_merged_004_798.8s-3591.4s.mp4__Ambiguous_call001.wav,Whine,Ambiguous,415.154947,1.3,725.46,848.17,887.53,871.32,1952.43,3.8,800.4,1020.45,566.92,4665.42,20.45,63.67,-36.68
C2VV_T6_Natural_20241106_1107_0_merged_032_3784.6s-3878.6s.mp4__Negative_call001.wav,Whine,Negative,416.155018,3.64,1120.24,1181.43,1200.36,1203.38,2257.07,3.79,572.7,1054.47,774.03,2360.71,27.57,56.93,-43.1
C2VV_T8_Green-line_20241202_1032_0_merged_013_1847.8s-1951.4s.mp4__Negative_call002.wav,Whine,Negative,417.25808,5.33,574.73,575.48,633.12,574.92,3069.7,2.51,714.97,1020.04,658.77,1341.1,26.57,45.44,-51.24
C2VV_T10_Blue_20250120_1253_0_merged_003_1408.6s-1594.0s.mp4__Negative_call003.wav,Whine,Negative,418.064066,2.9,967.28,986.59,1002.79,1000.72,2935.69,2.89,977.4,1108.74,616.75,2097.64,28.96,50.67,-50.81
C2VV_T8_Pink-line_20241206_1346_0_merged_016_2784.5s-2964.0s.mp4__Negative_call001.wav,Whine,Negative,418.472908,4.54,736.34,788.57,968.64,777.33,3494.97,3.73,765.64,1056.85,779.35,4778.25,25.79,60.72,-33.83
C2VV_T6_Natural_20241108_1122_0_merged_010_1880.8s-1953.2s.mp4__Negative_call001.wav,Whine,Negative,418.796272,3.76,635.74,647.72,1159.92,640.26,1917.59,3.64,425.34,867.87,603.73,2344.94,29.42,51.78,-39.14
C2VV_T9_Green2_20241220_1010_0_period_009_244.5s-254.8s.mp4__Negative_call001.wav,Whine,Negative,418.977055,2.11,1360.39,1395.86,1413.36,1411.0,2695.15,3.58,626.99,727.86,419.91,1494.32,19.39,47.77,-99.76
C2VV_T7_Green-Blue_20241122_1023_0_period_027_2870.1s-3041.2s.mp4__Negative_call007.wav,Whine,Negative,419.779946,5.17,541.44,886.34,1037.03,923.48,1804.47,4.14,494.94,721.4,408.88,1791.92,27.86,57.84,-16.2
C2VV_T8_Pink-Green2_20241128_1221_0_period_003_1023.1s-1094.1s.mp4__Negative_call001.wav,Whine,Negative,420.777849,1.41,686.34,768.42,792.48,791.77,4085.5,3.66,571.57,831.41,497.55,3091.53,29.01,53.78,-25.77
C2VV_T6_Green_20241107_1210_0_period_007_1205.4s-1215.6s.mp4__Negative_call001.wav,Alarm,Negative,421.345991,2.0,804.7,849.71,1096.77,822.71,2045.2,4.79,445.46,1115.04,809.77,3973.75,22.51,57.01,-51.82
C2VV_T9_Blue2_20241216_1111_0_period_003_125.6s-665.9s.mp4__Negative_call013.wav,Whine,Negative,421.413253,1.38,922.91,929.45,939.63,923.64,4423.46,2.79,875.72,1006.56,681.46,1848.44,27.98,43.97,-13.74
C2VV_T11_Pink_20250206_1055_0_merged_012_3358.2s-3573.7s.mp4__Negative_call002.wav,Whine,Negative,422.903429,2.05,809.08,829.12,832.06,832.06,4500.45,3.17,788.66,886.8,541.98,1914.73,22.73,51.33,-74.32
C2VV_T11_Blue_20250130_1228_0_period_001_961.5s-1074.4s.mp4__Ambiguous_call001.wav,Whine,Ambiguous,423.226732,0.87,833.51,850.73,880.58,881.72,4491.21,3.2,820.07,915.17,511.61,2065.9,26.41,39.03,-26.81
C2VV_T11_Pink_20250206_1055_0_period_014_2583.9s-3224.5s.mp4__Negative_call001.wav,Whine,Negative,424.193127,2.53,771.85,793.6,822.47,772.25,2764.33,2.58,756.45,959.46,481.58,2797.88,30.25,49.82,-32.56
C2VV_T7_Green-Blue_20241121_1150_0_merged_002_429.5s-728.3s.mp4__Negative_call001.wav,Whine,Negative,425.552127,2.31,896.41,994.42,1407.71,943.68,2201.06,4.13,477.06,625.54,291.82,1028.26,27.97,51.61,-33.68
C2VV_T8_Pink-line_20241204_1222_0_period_001_46.2s-435.3s.mp4__Ambiguous_call003.wav,Whine,Ambiguous,426.282322,1.53,932.0,958.72,973.06,971.11,4112.27,2.85,900.24,1045.44,592.96,3211.62,28.35,54.1,-30.44
C2VV_T9_Green2_20241220_1010_0_merged_009_593.5s-623.0s.mp4__Negative_call001.wav,Whine,Negative,427.004081,3.58,615.15,624.36,1005.73,612.92,2416.29,2.98,742.21,1104.01,534.04,3015.75,25.53,49.24,-64.2
C2VV_T7_Blue-Pink_20241117_1206_0_period_016_3312.1s-3428.3s.mp4__Negative_call002.wav,Whine,Negative,427.078826,2.75,725.34,736.96,773.65,726.43,1921.48,2.63,473.43,986.56,690.25,1317.96,28.33,43.04,-23.74
C2VV_T6_Green_20241108_1337_0_merged_010_2045.9s-2146.4s.mp4__Negative_call001.wav,Whine,Negative,427.755367,1.71,613.73,617.83,1221.01,613.73,2376.59,3.62,563.8,648.04,368.32,1208.16,25.47,50.36,-38.29
C2VV_T10_Blue_20250118_1154_0_period_002_1465.1s-1576.1s.mp4__Negative_call006.wav,Whine,Negative,428.142687,6.17,642.46,840.01,890.94,866.13,2453.88,3.15,828.74,1239.16,929.48,3686.87,25.3,58.72,-45.26
C2VV_T8_Green-line_20241201_1041_0_period_009_1018.5s-1033.8s.mp4__Negative_call001.wav,Whine,Negative,428.626171,1.71,746.1,791.71,806.91,799.31,4572.06,3.68,737.23,950.65,631.49,4546.56,23.68,57.3,-44.41
C2VV_T8_Pink-Green2_20241203_1118_0_period_003_3216.9s-3491.8s.mp4__Negative_call010.wav,Alarm,Negative,428.838146,2.35,980.86,987.66,1082.05,981.71,2365.65,4.6,574.73,1216.92,903.84,4648.68,11.69,63.35,-155.06
C2VV_T10_Pink_20250123_1114_0_merged_015_1615.5s-1811.1s.mp4__Negative_call003.wav,Whine,Negative,429.211246,2.08,607.87,615.55,800.4,609.31,2699.99,3.24,694.55,1006.31,728.32,4921.18,20.65,60.5,-61.14
C2VV_T10_Blue_20250122_1110_0_period_006_571.8s-717.0s.mp4__Negative_call002.wav,Whine,Negative,431.016185,1.64,949.01,993.62,1057.17,1057.17,3976.09,2.92,985.5,1135.64,795.54,3727.62,30.86,52.25,-14.56
C2VV_T8_Pink-Green2_20241204_1112_0_period_011_3300.0s-3333.0s.mp4__Negative_call001.wav,Whine,Negative,431.363347,3.99,1030.66,1072.24,1524.44,1037.17,2995.78,4.21,505.55,666.89,289.43,845.79,26.18,48.6,-47.66
C2VV_T6_Natural_20241107_1007_0_merged_002_206.0s-283.3s.mp4__Negative_call003.wav,Whine,Negative,432.44193,3.42,983.76,1233.65,1317.82,998.96,1934.27,4.1,453.17,1148.98,858.9,3149.6,24.4,55.53,-54.81
C2VV_T9_Blue2_20241218_1231_0_merged_007_2435.3s-2764.3s.mp4__Negative_call002.wav,Whine,Negative,433.060537,12.68,578.45,1003.38,1326.67,512.93,2387.29,4.12,486.82,983.04,674.69,1655.92,27.36,57.4,-44.74
pc_6d359c0e7f6ff8de__C2VV_T11_Green_20250130_1339__889.850s-890.974s,Whine,Positive,434.157697,1.124,698.39,805.15,901.23,903.01,4687.1,4.55,748.49,1306.03,997.64,7525.31,18.24,62.72,-76.1
C2VV_T8_Pink-Green2_20241205_1105_0_merged_002_2124.4s-3632.1s.mp4__Negative_call017.wav,Alarm,Negative,437.673923,1.82,1063.99,1067.29,1103.5,1065.64,2489.56,4.74,719.14,1210.19,900.15,4579.11,16.19,59.81,-140.36
C2VV_T8_Pink-Green2_20241204_1112_0_merged_011_3396.0s-4056.1s.mp4__Negative_call011.wav,Whine,Negative,437.753259,6.25,1025.44,1126.27,1152.36,1137.63,2853.39,3.73,536.42,703.98,401.72,1286.22,25.77,47.53,-55.58
C2VV_T10_Pink_20250123_1114_0_merged_009_751.7s-869.5s.mp4__Negative_call001.wav,Whine,Negative,439.09958,2.31,832.66,850.44,862.58,859.54,3709.76,2.92,762.75,923.31,599.92,3641.33,28.62,48.35,-37.44
C2VV_T8_Pink-Green2_20241202_1131_0_period_007_2386.3s-2508.8s.mp4__Negative_call001.wav,Alarm,Negative,439.423087,5.1,991.33,1092.41,1268.06,988.19,2451.62,4.91,689.36,1327.7,1019.31,8210.11,13.74,64.37,-161.78
C2VV_T8_Pink-line_20241202_1235_0_period_007_3347.8s-3566.7s.mp4__Ambiguous_call001.wav,Whine,Ambiguous,440.122774,1.19,795.71,835.2,846.96,845.28,3832.53,3.54,489.37,979.66,668.77,3579.57,27.31,64.7,-24.75
C2VV_T7_Blue-Pink_20241119_1318_0_merged_028_3618.9s-3807.7s.mp4__Negative_call001.wav,Whine,Negative,440.730561,6.81,1166.77,1437.42,1567.89,771.83,2326.96,4.5,467.6,1498.83,1191.48,2764.55,26.01,55.54,-42.84
C2VV_T8_Pink-Green2_20241204_1112_0_merged_011_3396.0s-4056.1s.mp4__Negative_call004.wav,Whine,Negative,440.786821,7.33,503.78,925.53,1031.85,507.06,2784.95,3.17,503.77,781.08,450.59,867.5,27.16,43.2,-33.71
C2VV_T11_Natural_20250202_1230_0_period_001_612.7s-786.1s.mp4__Negative_call001.wav,Whine,Negative,441.745893,0.6,925.93,944.41,983.06,944.41,5377.37,5.22,481.81,538.62,215.67,3183.45,10.92,68.9,-57.93
C2VV_T11_Blue_20250130_1228_0_period_002_1109.5s-1249.2s.mp4__Negative_call001.wav,Whine,Negative,443.591428,2.57,748.97,772.35,844.83,844.83,4117.18,2.93,718.51,948.8,595.57,2614.28,30.4,48.52,-15.86
C2VV_T10_Green_20250120_1042_0_merged_003_738.9s-823.1s.mp4__Ambiguous_call003.wav,Whine,Ambiguous,445.348903,1.98,606.96,806.25,1057.0,521.69,3167.55,4.36,629.99,911.02,566.85,4529.23,23.97,64.08,-56.07
C2VV_T8_Pink-Green2_20241129_1216_0_period_019_3696.4s-3745.3s.mp4__Negative_call001.wav,Whine,Negative,446.161838,5.67,579.93,966.61,1049.66,1047.37,2493.6,3.51,514.28,1211.74,944.19,1343.14,28.74,46.99,-17.9
C2VV_T9_Natural2_20241219_1343_0_merged_007_1751.4s-2006.0s.mp4__Negative_call001.wav,Whine,Negative,448.433784,3.5,819.23,843.83,846.98,845.83,2643.05,2.76,798.81,950.8,384.23,2526.31,28.46,57.78,-48.16
C2VV_T9_Blue2_20241218_1231_0_merged_001_78.5s-255.7s.mp4__Negative_call004.wav,Whine,Negative,453.16045,4.4,591.22,885.23,1166.74,482.07,2835.61,3.69,672.27,1139.91,822.49,4004.5,25.92,60.94,-59.23
C2VV_T7_Blue-Pink_20241122_1124_0_merged_003_842.7s-966.3s.mp4__Negative_call005.wav,Cluck,Negative,453.370257,0.48,548.07,941.03,1065.12,934.82,2046.78,5.08,438.54,606.05,290.67,3102.03,11.38,58.94,-90.44
C2VV_T7_Blue-Pink_20241119_1318_0_merged_008_1646.7s-1864.8s.mp4__Negative_call006.wav,Whine,Negative,454.157459,2.86,756.35,1126.47,1497.3,736.41,2056.34,3.79,429.68,782.04,466.98,668.49,26.41,44.6,-49.86
C2VV_T8_Green-line_20241205_1001_0_period_007_763.1s-801.1s.mp4__Negative_call001.wav,Whine,Negative,454.372846,6.95,1073.44,1135.16,1254.41,1279.88,2081.44,3.09,572.43,923.64,638.38,1393.34,25.25,47.9,-53.62
C2VV_T8_Pink-line_20241206_1346_0_merged_015_1859.2s-2694.1s.mp4__Negative_call007.wav,Whine,Negative,454.456985,3.09,894.11,984.17,1016.56,1016.89,4137.24,3.77,873.54,1083.89,755.28,5533.66,26.73,62.04,-32.78
C2VV_T7_Pink-Green_20241118_1126_0_period_017_2965.9s-3003.1s.mp4__Negative_call001.wav,Whine,Negative,455.60893,3.37,1043.35,1070.37,1099.17,1070.97,1962.0,3.57,873.16,1243.14,934.27,4257.02,26.72,63.24,-27.02
C2VV_T7_Green-Blue_20241121_1150_0_period_013_1318.1s-1376.5s.mp4__Negative_call002.wav,Whine,Negative,455.967403,2.86,620.34,1154.7,1212.72,1228.45,2105.96,3.68,555.71,634.36,210.69,1546.25,27.96,57.32,-35.1
C2VV_T8_Blue-cross_20241202_1340_0_merged_011_2235.1s-3386.8s.mp4__Ambiguous_call005.wav,Whine,Ambiguous,456.40934,2.93,770.47,784.8,808.0,771.49,2372.57,3.26,683.04,940.74,592.11,4118.49,26.1,56.3,-28.93
C2VV_T8_Pink-Green2_20241204_1112_0_merged_011_3396.0s-4056.1s.mp4__Negative_call002.wav,Whine,Negative,457.694226,1.64,807.86,1050.47,1073.08,1062.08,3429.3,3.02,739.33,1095.8,571.87,2251.4,26.89,47.36,-34.08
C2VV_T9_Blue2_20241218_1231_0_period_003_287.1s-794.5s.mp4__Negative_call007.wav,Whine,Negative,458.634229,2.45,984.27,1009.53,1033.57,1038.86,3129.83,3.02,970.42,1175.14,690.71,2607.15,28.93,50.72,-26.6
C2VV_T8_Pink-Green2_20241202_1131_0_period_007_2386.3s-2508.8s.mp4__Negative_call006.wav,Alarm,Negative,458.880042,10.26,1028.38,1091.22,1220.2,1098.82,2320.29,4.83,740.66,1330.59,1020.44,6644.52,16.12,63.57,-152.69
C2VV_T10_Blue_20250124_1228_0_period_007_2532.6s-2617.4s.mp4__Negative_call002.wav,Whine,Negative,459.159753,2.71,981.97,983.45,1032.07,981.97,4312.12,3.49,764.26,1153.07,844.77,2974.61,26.7,51.75,-61.02
C2VV_T10_Pink_20250117_1008_0_period_004_943.9s-1411.7s.mp4__Negative_call012.wav,Whine,Negative,462.900022,2.7,799.5,824.34,859.94,812.11,2614.73,3.21,597.22,1001.87,695.57,2567.01,27.26,53.4,-58.81
C2VV_T8_Pink-Green2_20241202_1131_0_period_007_2386.3s-2508.8s.mp4__Negative_call028.wav,Alarm,Negative,462.969438,0.84,852.28,959.11,1061.19,843.97,2186.6,4.8,618.31,1215.44,903.0,8585.53,12.46,62.91,-102.79
C2VV_T6_Natural_20241107_1007_0_merged_007_617.3s-636.6s.mp4__Negative_call001.wav,Whine,Negative,464.385688,3.606007,1155.94,1241.84,1409.74,1241.84,2508.09,4.83,637.55,1410.13,1101.74,5496.9,20.87,59.69,-36.3
C2VV_T7_Green-Blue_20241121_1150_0_merged_011_2346.8s-2635.5s.mp4__Negative_call008.wav,Whine,Negative,464.521478,2.48,484.74,503.33,545.34,500.09,1874.04,4.06,502.62,630.6,315.99,2466.45,18.78,64.03,-11.78
C2VV_T11_Natural_20250205_1133_0_merged_002_585.8s-717.5s.mp4__Ambiguous_call004.wav,Whine,Ambiguous,464.846295,1.67,921.36,984.1,1085.08,925.55,4301.17,4.01,838.2,1278.78,934.09,7057.23,27.19,59.45,-25.41
C2VV_T8_Blue-cross_20241205_1219_0_period_003_290.6s-313.8s.mp4__Negative_call001.wav,Whine,Negative,464.875787,2.22,517.66,679.54,737.26,736.81,4008.38,3.95,599.34,959.14,647.99,5722.71,26.83,66.51,-50.2
pc_7445618ce4dda247__C2VV_T7_Pink-Green_20241118_1126__254.726s-255.375s,Cluck,Positive,465.975849,0.649,597.82,681.02,876.7,654.83,1934.33,4.9,380.07,935.67,623.21,2707.5,7.7,62.4,-27.18
C2VV_T7_Blue-Pink_20241115_1108_0_merged_001_100.9s-440.2s.mp4__Ambiguous_call001.wav,Whine,Ambiguous,466.121782,0.9,449.07,915.92,925.93,919.26,2199.61,4.23,696.75,1039.42,730.35,6226.98,17.23,58.91,-15.68
C2VV_T8_Pink-Green2_20241204_1112_0_merged_011_3396.0s-4056.1s.mp4__Negative_call010.wav,Whine,Negative,466.488356,7.81,973.87,1112.53,1184.36,1162.08,2836.13,3.85,519.66,1297.34,993.39,1199.65,24.39,49.49,-41.82
C2VV_T8_Pink-Green2_20241203_1118_0_period_003_3216.9s-3491.8s.mp4__Negative_call019.wav,Whine,Negative,466.519821,1.56,673.25,885.68,1262.42,673.25,3947.46,5.15,595.36,1329.2,1019.49,7364.67,15.72,69.31,-60.87
C2VV_T11_Green_20250130_1339_0_merged_011_3158.2s-3300.4s.mp4__Negative_call001.wav,Whine,Negative,466.654548,1.75,872.42,928.49,973.11,963.38,3646.81,4.08,817.57,1038.32,710.52,3899.83,23.74,60.35,-37.7
C2VV_T9_Blue2_20241218_1231_0_period_003_287.1s-794.5s.mp4__Negative_call006.wav,Whine,Negative,467.400505,4.02,467.06,540.75,1366.07,468.3,2724.2,3.61,541.05,1034.25,649.36,2044.02,28.13,53.78,-35.63
C2VV_T11_Pink_20250206_1055_0_period_011_2101.0s-2147.3s.mp4__Negative_call001.wav,Whine,Negative,468.103203,3.24,643.79,646.26,671.54,644.1,2266.54,3.21,651.96,855.81,536.66,3423.85,24.67,53.65,-72.21
C2VV_T7_Green-Blue_20241122_1023_0_period_027_2870.1s-3041.2s.mp4__Negative_call001.wav,Whine,Negative,471.074152,3.01,557.35,974.28,1030.38,1041.66,1842.24,3.75,507.79,766.39,469.05,2188.28,22.24,58.26,-33.08
C2VV_T7_Blue-Pink_20241121_1300_0_merged_008_2378.2s-2583.3s.mp4__Negative_call015.wav,Whine,Negative,471.511131,2.9,1139.64,1324.41,1557.79,767.69,2172.26,4.59,385.51,711.73,406.97,1384.26,27.41,54.98,-58.99
C2VV_T8_Pink-Green2_20241204_1112_0_period_010_3107.1s-3145.2s.mp4__Negative_call001.wav,Whine,Negative,471.647296,3.4,1223.75,1243.15,1246.09,1242.86,3231.94,3.6,586.12,671.09,237.28,833.61,22.63,51.0,-87.54
C2VV_T11_Pink_20250201_1053_0_period_001_106.7s-209.7s.mp4__Ambiguous_call001.wav,Whine,Ambiguous,472.612157,0.71,440.11,851.91,873.14,875.97,4470.97,4.14,433.75,550.56,213.67,1636.7,22.64,49.53,-79.3
C2VV_T8_Pink-Green2_20241204_1112_0_period_004_2162.4s-2246.8s.mp4__Negative_call003.wav,Whine,Negative,472.945474,2.75,718.35,1071.89,2160.85,719.07,2850.34,3.93,489.52,740.99,441.34,1059.08,27.25,51.78,-53.73
C2VV_T9_Blue2_20241216_1111_0_period_003_125.6s-665.9s.mp4__Negative_call012.wav,Whine,Negative,472.95947,2.86,821.31,956.45,995.91,995.91,4105.81,3.19,837.29,1027.28,703.57,2479.6,26.02,55.17,-36.26
C2VV_T8_Pink-Green2_20241204_1112_0_merged_011_3396.0s-4056.1s.mp4__Negative_call012.wav,Whine,Negative,473.884276,4.02,601.5,674.95,1184.83,584.57,3037.9,3.35,623.58,1110.62,741.25,1605.13,25.64,45.44,-42.83
C2VV_T7_Blue-Pink_20241117_1206_0_period_008_1970.5s-2158.7s.mp4__Ambiguous_call001.wav,Whine,Ambiguous,474.85937,2.23,779.75,941.08,993.51,941.08,2540.91,4.26,485.37,1019.15,709.38,4437.12,17.25,64.98,-39.08
C2VV_T8_Green-line_20241206_1019_0_period_038_3021.1s-3454.2s.mp4__Negative_call003.wav,Whine,Negative,475.579376,3.61,610.11,793.89,810.24,607.06,2403.58,2.45,718.23,929.76,581.41,1890.83,22.04,43.66,-53.55
C2VV_T7_Blue-Pink_20241122_1124_0_merged_003_842.7s-966.3s.mp4__Negative_call009.wav,Alarm,Negative,476.773252,1.64,952.08,1313.85,1326.07,1313.85,2024.2,4.67,480.55,1055.51,743.3,4004.41,15.89,60.8,-127.93
C2VV_T11_Natural_20250202_1230_0_period_001_612.7s-786.1s.mp4__Negative_call002.wav,Whine,Negative,480.945294,1.08,931.81,1056.05,1177.51,1044.92,4450.49,4.37,884.58,1275.14,971.32,6858.55,24.11,67.68,-44.55
C2VV_T11_Natural_20250130_1122_0_period_005_1704.1s-1824.4s.mp4__Negative_call001.wav,Whine,Negative,481.968567,1.73,1037.39,1048.4,1064.62,1045.5,3574.7,3.36,1042.97,1286.88,978.01,6118.28,29.83,62.85,-22.09
C2VV_T11_Natural_20250130_1122_0_period_004_1637.2s-1656.5s.mp4__Negative_call001.wav,Whine,Negative,482.264091,1.64,990.05,1014.42,1105.2,985.17,4651.63,4.16,1075.57,1348.07,959.38,6542.81,26.2,62.14,-58.07
C2VV_T8_Pink-Green2_20241203_1118_0_period_007_3626.6s-3664.0s.mp4__Negative_call001.wav,Whine,Negative,482.956749,5.45,600.47,1129.74,1201.13,599.74,2813.78,3.95,520.37,703.47,394.02,1290.91,25.6,48.63,-36.65
C2VV_T10_Blue_20250123_1216_0_period_013_2914.4s-2975.9s.mp4__Negative_call003.wav,Whine,Negative,483.731616,2.6,593.46,767.08,1119.31,645.32,2933.58,5.17,504.26,752.71,477.56,5328.2,11.33,67.22,-77.4
C2VV_T9_Blue2_20241218_1231_0_merged_007_2435.3s-2764.3s.mp4__Negative_call005.wav,Whine,Negative,484.57871,6.92,1087.53,1173.54,1198.41,1178.46,2490.93,4.05,536.3,964.86,610.45,1574.38,27.25,55.8,-68.96
C2VV_T9_Blue2_20241215_1039_0_period_004_1027.4s-1217.7s.mp4__Negative_call002.wav,Whine,Negative,485.234771,1.79,923.16,1017.27,1059.84,1028.47,3968.09,3.71,879.63,1069.55,759.99,2757.31,28.29,59.66,-7.56
C2VV_T7_Blue-Pink_20241117_1206_0_period_016_3312.1s-3428.3s.mp4__Negative_call001.wav,Whine,Negative,486.192072,1.26,325.03,665.08,1113.47,1100.03,2789.58,4.67,576.25,1203.85,859.84,2954.33,9.89,63.66,-16.28
C2VV_T8_Pink-Green2_20241204_1112_0_period_004_2162.4s-2246.8s.mp4__Negative_call006.wav,Whine,Negative,486.660866,3.16,1214.08,1273.55,1312.14,1214.08,2846.95,4.26,574.63,709.64,401.59,1816.04,25.15,56.15,-45.4
C2VV_T10_Green_20250123_1012_0_merged_002_369.9s-684.9s.mp4__Negative_call002.wav,Cluck,Negative,487.38346,0.48,409.5,434.32,1087.87,411.57,4928.05,5.18,413.04,478.77,170.21,2274.13,18.61,54.81,-21.38
C2VV_T8_Pink-Green2_20241204_1112_0_merged_011_3396.0s-4056.1s.mp4__Negative_call006.wav,Whine,Negative,488.703999,3.31,512.08,544.71,1037.15,512.38,3439.63,3.3,557.48,820.14,353.16,1348.21,27.04,45.62,-52.04
C2VV_T10_Blue_20250120_1253_0_period_002_1070.4s-1189.3s.mp4__Negative_call003.wav,Whine,Negative,488.757596,1.5,1190.23,1243.66,1338.51,1276.39,4719.31,4.18,1161.23,1421.58,960.28,3469.11,27.38,57.44,-17.53
C2VV_T7_Green-Blue_20241121_1150_0_merged_002_429.5s-728.3s.mp4__Negative_call024.wav,Alarm,Negative,488.780568,3.42,851.66,993.41,1148.01,994.57,1999.06,4.65,673.59,1102.95,794.52,4553.41,24.99,61.52,-77.17
C2VV_T8_Pink-Green2_20241129_1216_0_period_012_1688.0s-1758.3s.mp4__Negative_call001.wav,Whine,Negative,491.40518,3.06,820.51,1022.94,1040.27,1024.25,2851.32,2.95,563.1,856.9,395.51,1225.55,26.98,47.91,-18.43
C2VV_T8_Green-line_20241202_1032_0_merged_015_2386.9s-2605.4s.mp4__Negative_call001.wav,Whine,Negative,493.156501,3.46,778.02,796.24,811.56,777.73,3977.64,3.15,840.19,1228.4,882.4,2268.27,26.17,49.73,-64.3
C2VV_T8_Pink-Green2_20241201_1246_0_period_009_2843.6s-2880.2s.mp4__Ambiguous_call001.wav,Whine,Ambiguous,494.591616,3.7,595.07,1074.16,1150.94,1119.85,2999.15,3.45,588.35,1011.38,706.09,2195.75,28.79,49.07,-39.79
C2VV_T9_Blue2_20241220_1215_0_period_026_3043.5s-3075.6s.mp4__Negative_call001.wav,Whine,Negative,495.325224,3.88,648.41,721.03,908.5,648.67,3820.67,3.28,777.27,1152.83,856.71,3472.68,27.68,54.85,-66.82
C2VV_T8_Pink-Green2_20241201_1246_0_period_008_2680.0s-2707.1s.mp4__Negative_call001.wav,Alarm,Negative,495.993073,0.42,657.11,864.24,914.24,654.73,3570.64,5.07,490.74,865.36,558.37,5213.56,13.09,54.76,-93.98
C2VV_T10_Green_20250123_1012_0_merged_007_1365.0s-1662.6s.mp4__Negative_call002.wav,Whine,Negative,496.531395,2.08,675.56,825.84,885.38,889.22,3114.7,3.79,698.71,911.34,599.3,3917.03,24.73,59.78,-22.25
C2VV_T8_Pink-Green2_20241129_1216_0_period_001_50.4s-199.9s.mp4__Negative_call003.wav,Whine,Negative,498.136358,2.07,492.61,517.77,526.0,492.61,3305.28,3.31,500.38,575.13,169.09,1152.06,28.79,48.15,-39.03
C2VV_T6_Green_20241107_1210_0_period_025_1071.5s-1081.6s.mp4__Negative_call001.wav,Alarm,Negative,498.477893,0.41,765.76,967.02,996.47,967.02,2172.86,5.17,334.06,370.44,57.99,1831.65,3.68,61.36,-102.37
C2VV_T11_Natural_20250205_1133_0_merged_005_1185.2s-3973.7s.mp4__Ambiguous_call005.wav,Whine,Ambiguous,498.573522,1.38,552.05,1181.72,1308.67,0.0,5483.76,5.19,670.65,1374.66,1057.1,6388.26,15.96,67.46,-57.88
C2VV_T11_Blue_20250130_1228_0_period_001_961.5s-1074.4s.mp4__Ambiguous_call003.wav,Whine,Ambiguous,499.084333,1.04,870.98,894.98,918.03,910.35,4627.36,3.37,781.34,1017.39,631.31,3730.8,24.97,55.7,-32.58
C2VV_T6_Green_20241107_1210_0_period_006_1160.5s-1171.1s.mp4__Negative_call004.wav,Alarm,Negative,499.633346,1.92,901.75,949.59,1090.53,894.47,2204.56,4.6,511.33,1223.28,912.45,5031.81,22.62,59.02,-53.65
C2VV_T9_Blue2_20241218_1231_0_period_020_3367.4s-3426.2s.mp4__Negative_call001.wav,Whine,Negative,499.659712,4.78,623.34,1178.63,1231.4,623.34,2454.1,3.79,624.2,1212.27,908.88,2775.15,29.31,57.48,-54.85
C2VV_T6_Black_20241101_1125_0_merged_002_214.0s-241.7s.mp4__Ambiguous_call001.wav,Whine,Ambiguous,499.996915,5.66,906.47,1200.57,1325.9,1219.63,1910.28,4.19,643.01,1357.16,1084.75,3296.83,23.21,61.61,-63.02
C2VV_T7_Blue-Pink_20241117_1206_0_period_016_3312.1s-3428.3s.mp4__Negative_call004.wav,Whine,Negative,500.405546,2.37,734.23,740.98,797.1,741.82,1985.22,3.5,573.16,1124.38,829.51,3002.97,24.26,47.89,-70.02
C2VV_T6_Black_20241102_1142_0_merged_012_2791.1s-2795.0s.mp4__Negative_call001.wav,Alarm,Negative,500.700025,2.67,1082.22,1093.47,1316.22,1087.47,2376.98,5.19,491.1,633.54,324.27,1872.31,10.31,61.12,-171.5
C2VV_T8_Pink-line_20241206_1346_0_merged_017_2984.5s-3844.7s.mp4__Negative_call047.wav,Alarm,Negative,502.617276,1.52,1065.02,1102.4,1135.19,1142.41,2738.69,4.44,657.8,1182.43,783.99,2806.49,15.41,53.78,-125.16
C2VV_T9_Blue2_20241220_1215_0_period_027_3087.7s-3239.4s.mp4__Negative_call001.wav,Whine,Negative,504.249494,1.99,877.43,880.95,899.59,877.93,4805.12,2.8,845.25,1103.32,735.7,2199.69,30.73,41.81,-17.75
C2VV_T10_Blue_20250120_1253_0_period_001_108.5s-164.2s.mp4__Negative_call003.wav,Whine,Negative,504.996429,8.43,660.57,688.1,1016.01,670.66,1975.27,3.21,689.98,1358.55,1095.28,3696.62,27.65,53.82,-36.76
C2VV_T9_Blue2_20241216_1111_0_merged_016_2961.0s-3282.8s.mp4__Negative_call001.wav,Whine,Negative,505.924868,2.57,750.9,808.87,898.36,738.06,4088.97,3.35,806.93,997.29,639.82,2897.1,29.57,56.8,-23.15
C2VV_T9_Natural2_20241219_1343_0_merged_012_1450.0s-1513.5s.mp4__Negative_call003.wav,Whine,Negative,507.168057,3.44,699.79,757.04,821.84,818.65,2685.85,2.58,797.13,1011.28,566.56,2274.51,28.77,53.62,-60.98
C2VV_T9_Blue2_20241215_1039_0_period_005_1236.9s-1436.2s.mp4__Negative_call006.wav,Whine,Negative,508.524432,5.0,626.3,1198.75,1245.19,1244.99,2344.22,3.34,631.48,993.46,596.84,1571.91,29.62,49.04,-24.73
C2VV_T10_Blue_20250123_1216_0_merged_004_408.7s-969.0s.mp4__Negative_call035.wav,Alarm,Negative,509.053292,1.79,1194.28,1276.63,1340.49,1327.04,2369.64,4.26,545.31,1217.69,868.55,3022.04,15.4,55.18,-139.77
C2VV_T8_Pink-line_20241204_1222_0_period_024_3671.6s-3699.4s.mp4__Negative_call001.wav,Whine,Negative,509.695067,5.05,738.95,780.53,880.72,780.34,3235.15,3.07,765.8,1041.8,720.72,2880.38,30.49,50.99,-27.18
C2VV_T8_Green-line_20241202_1032_0_merged_008_892.1s-1219.5s.mp4__Negative_call004.wav,Whine,Negative,510.80727,4.05,702.3,754.35,767.43,753.37,2390.97,2.38,721.56,919.34,336.99,1990.77,24.67,47.61,-45.23
C2VV_T10_Blue_20250123_1216_0_period_008_1163.9s-1356.7s.mp4__Negative_call004.wav,Whine,Negative,510.933199,1.86,772.76,1174.47,1256.2,1187.91,3383.24,5.54,482.44,781.38,474.44,3618.49,13.44,68.83,-107.7
C2VV_T8_Pink-Green2_20241203_1118_0_merged_004_3504.6s-3575.6s.mp4__Negative_call002.wav,Whine,Negative,514.041251,4.09,569.78,1034.46,1156.44,585.43,2807.18,3.66,525.09,615.78,249.57,783.89,26.89,47.05,-37.73
C2VV_T8_Green-line_20241205_1001_0_period_019_2242.2s-3403.6s.mp4__Negative_call001.wav,Alarm,Negative,514.194968,2.05,658.03,697.14,767.05,695.67,2639.03,4.03,612.16,851.12,540.74,6303.0,22.49,65.02,-70.91
C2VV_T8_Pink-Green2_20241203_1118_0_period_001_2726.9s-2772.2s.mp4__Negative_call001.wav,Alarm,Negative,515.995613,4.41,1095.79,1101.01,1113.48,1097.83,2276.84,4.64,689.39,1315.78,1007.39,5749.93,17.35,58.4,-152.03
C2VV_T8_Pink-Green2_20241206_1132_0_merged_003_1978.6s-2486.2s.mp4__Negative_call003.wav,Whine,Negative,518.161729,4.54,506.91,957.61,1025.49,501.84,2570.59,3.08,536.89,932.95,476.42,906.9,29.75,46.5,-11.97
C2VV_T8_Green-line_20241206_1019_0_period_031_2496.5s-2639.6s.mp4__Negative_call011.wav,Alarm,Negative,518.268113,3.2,1058.33,1074.59,1079.28,1076.15,2388.79,3.83,582.19,1133.89,772.48,3776.6,17.2,52.84,-159.29
pc_cdf1c71a691837da__C2VV_T11_Green_20250130_1339__524.491s-525.561s,Whine,Positive,518.838755,1.07,811.2,906.52,971.94,926.15,4108.66,4.8,696.88,1174.45,864.94,7357.16,18.69,59.34,-39.54
C2VV_T7_Blue-Pink_20241122_1124_0_merged_009_1838.2s-2085.7s.mp4__Negative_call003.wav,Whine,Negative,519.422911,3.91,1150.82,1332.38,1553.88,794.61,2346.54,4.77,449.5,1434.15,1120.1,2070.43,26.12,58.26,-46.87
C2VV_T7_Green-Blue_20241122_1023_0_period_027_2870.1s-3041.2s.mp4__Negative_call009.wav,Whine,Negative,519.96836,5.68,607.88,966.83,1127.21,967.71,1794.85,4.21,530.18,951.42,658.81,2974.93,25.7,60.38,-8.24
C2VV_T8_Green-line_20241206_1019_0_period_038_3021.1s-3454.2s.mp4__Negative_call001.wav,Whine,Negative,519.996603,1.34,755.85,769.29,830.54,769.29,4311.48,3.44,798.61,923.07,393.59,2189.36,22.03,62.37,-72.08
C2VV_T9_Pink2_20241220_1111_0_period_001_13.5s-30.5s.mp4__Negative_call001.wav,Whine,Negative,520.861926,4.59,633.73,643.75,647.67,643.75,2293.04,2.88,574.51,726.45,448.52,1436.16,29.08,53.16,-27.85
C2VV_T10_Blue_20250124_1228_0_period_004_572.0s-1111.7s.mp4__Negative_call008.wav,Whine,Negative,521.169016,2.29,1070.25,1106.42,1181.81,1106.42,4729.21,3.75,882.03,1226.37,858.78,2439.8,25.93,54.69,-22.97
C2VV_T8_Green-line_20241205_1001_0_merged_003_662.6s-752.5s.mp4__Negative_call001.wav,Whine,Negative,521.661486,2.86,757.76,767.88,800.71,765.44,2777.0,2.64,772.83,981.38,371.63,1534.14,22.17,46.97,-86.47
C2VV_T9_Blue2_20241216_1111_0_merged_004_875.1s-1143.3s.mp4__Negative_call006.wav,Whine,Negative,521.815246,2.12,870.32,902.4,914.66,907.59,3160.04,2.75,820.68,1013.77,590.87,3587.57,32.55,54.96,-4.69
C2VV_T10_Blue_20250121_1127_0_merged_004_1170.5s-2893.2s.mp4__Ambiguous_call002.wav,Whine,Ambiguous,523.022587,2.42,824.02,970.04,1138.41,899.31,3382.38,5.43,502.92,1195.7,897.5,5049.0,14.89,70.53,-73.81
C2VV_T9_Blue2_20241220_1215_0_merged_009_2035.6s-2182.4s.mp4__Negative_call003.wav,Whine,Negative,523.068792,8.07,446.57,935.51,1323.6,1323.85,2686.78,3.32,567.13,1021.45,706.56,1857.81,30.67,53.03,-52.1
C2VV_T11_Blue_20250207_1222_0_merged_013_3431.1s-3585.0s.mp4__Negative_call002.wav,Whine,Negative,523.193816,2.12,751.09,773.22,800.06,777.93,2422.26,2.39,776.27,863.88,522.49,1570.13,28.02,44.03,4.82
C2VV_T8_Pink-Green2_20241204_1112_0_merged_011_3396.0s-4056.1s.mp4__Negative_call005.wav,Whine,Negative,523.345338,2.71,554.7,764.28,1070.36,554.7,3274.66,3.14,563.64,808.92,455.06,1249.1,26.7,40.7,-31.88
C2VV_T7_Blue-Pink_20241119_1318_0_merged_028_3618.9s-3807.7s.mp4__Negative_call003.wav,Whine,Negative,524.481296,2.71,1269.26,1530.04,1724.52,1699.47,2514.63,5.13,458.82,1397.27,1073.72,2584.44,21.55,65.93,-57.17
C2VV_T6_Pink_20241103_1134_0_merged_001_146.8s-161.0s.mp4__Negative_call001.wav,Whine,Negative,524.619093,2.95,617.9,814.16,983.29,611.13,1583.43,3.38,533.35,904.69,633.97,3387.61,25.59,55.25,-22.55
C2VV_T7_Blue-Pink_20241121_1300_0_period_013_2708.0s-2813.5s.mp4__Negative_call001.wav,Whine,Negative,525.164722,7.77,1189.0,1333.86,1476.03,1411.96,2166.54,4.73,632.17,1488.47,1219.09,4944.84,26.25,60.92,-38.1
C2VV_T7_Blue-Pink_20241121_1300_0_merged_008_2378.2s-2583.3s.mp4__Negative_call007.wav,Whine,Negative,527.146279,2.08,781.19,1211.88,1340.07,781.67,2003.32,3.7,501.93,826.59,528.74,1541.16,22.09,48.49,-67.77
C2VV_T10_Pink_20250117_1008_0_period_004_943.9s-1411.7s.mp4__Negative_call007.wav,Whine,Negative,527.167038,2.34,805.79,815.18,827.56,826.7,2489.04,2.86,608.99,876.84,562.2,1965.52,30.94,48.23,-22.9
C2VV_T9_Green2_20241212_1321_0_period_001_389.9s-534.1s.mp4__Ambiguous_call001.wav,Whine,Ambiguous,528.666934,0.59,611.54,618.28,742.95,613.23,5509.53,4.5,592.2,769.05,443.12,5961.52,16.0,55.59,-33.52
C2VV_T8_Pink-Green2_20241202_1131_0_period_008_2628.4s-2702.9s.mp4__Negative_call004.wav,Alarm,Negative,530.771469,8.04,1051.9,1082.37,1135.72,1070.18,2228.27,4.37,681.43,1222.0,912.67,5171.24,10.51,58.69,-179.53
C2VV_T10_Blue_20250124_1228_0_period_003_181.9s-211.3s.mp4__Negative_call001.wav,Whine,Negative,530.788742,3.9,861.08,893.64,988.49,873.9,3070.34,3.0,937.4,1223.89,914.36,3062.15,27.81,54.09,-65.52
C2VV_T8_Green-line_20241206_1019_0_period_031_2496.5s-2639.6s.mp4__Negative_call006.wav,Alarm,Negative,531.368799,1.75,703.66,820.36,925.63,824.37,2278.51,4.3,694.68,1027.36,705.2,9164.77,19.16,66.36,-54.39
C2VV_T8_Blue-cross_20241206_1239_0_merged_002_75.7s-403.0s.mp4__Ambiguous_call002.wav,Whine,Ambiguous,531.418182,2.19,596.55,695.44,775.2,787.04,4429.97,4.53,542.71,892.6,577.38,6480.01,20.51,69.27,-57.52
C2VV_T6_Natural_20241103_1333_0_merged_003_3682.8s-3738.1s.mp4__Negative_call001.wav,Whine,Negative,533.304512,2.93,635.94,1067.53,1252.06,635.94,1898.32,3.57,398.01,802.81,528.46,1884.29,29.39,52.97,-16.32
C2VV_T7_Green-Blue_20241115_1215_0_merged_003_3305.2s-3311.8s.mp4__Negative_call001.wav,Whine,Negative,535.774404,3.19,628.97,877.54,942.2,800.33,1978.76,4.32,441.36,691.21,382.81,1354.28,24.01,59.63,-5.95
C2VV_T6_Green_20241102_1347_0_merged_003_181.8s-232.4s.mp4__Ambiguous_call001.wav,Cluck,Ambiguous,542.032715,0.25,481.99,724.98,796.68,744.89,2143.86,5.05,758.51,772.35,27.67,2767.3,0.0,63.73,-10.15
C2VV_T10_Green_20250124_1329_0_merged_007_3520.8s-3635.9s.mp4__Negative_call013.wav,Cluck,Negative,542.677877,0.78,443.01,477.58,887.3,443.01,5130.28,4.97,444.53,515.2,124.16,1808.95,24.33,55.06,-46.68
C2VV_T7_Blue-Pink_20241121_1300_0_period_018_2985.0s-3068.5s.mp4__Negative_call001.wav,Whine,Negative,542.888636,6.75,721.48,1319.09,1404.58,1413.18,1693.18,3.54,456.85,861.74,561.02,1290.64,31.04,53.05,-16.78
C2VV_T10_Pink_20250123_1114_0_merged_011_966.4s-1050.9s.mp4__Negative_call001.wav,Whine,Negative,542.997476,2.64,777.48,821.41,881.63,794.53,3968.8,3.23,656.46,959.28,621.93,3787.13,27.65,53.4,-32.32
C2VV_T7_Blue-Pink_20241119_1318_0_merged_030_3299.5s-3417.3s.mp4__Negative_call010.wav,Whine,Negative,544.017712,3.44,1279.33,1439.17,1546.71,1454.87,2314.24,4.43,612.36,1494.7,1184.49,4970.85,22.96,60.45,-62.29
C2VV_T8_Blue-cross_20241205_1219_0_period_002_135.2s-254.8s.mp4__Negative_call001.wav,Whine,Negative,544.216422,3.27,494.38,731.18,778.84,461.38,3037.59,3.73,542.37,857.8,540.78,3269.53,24.29,55.3,-42.6
C2VV_T6_Pink_20241102_1033_0_merged_004_897.4s-923.4s.mp4__Negative_call007.wav,Alarm,Negative,544.577229,1.45,1076.92,1199.56,1499.28,1077.61,2327.99,5.33,882.09,1348.08,1042.87,7357.09,14.81,65.11,-151.13
C2VV_T11_Green_20250130_1339_0_merged_011_3158.2s-3300.4s.mp4__Negative_call002.wav,Whine,Negative,545.487255,2.64,882.01,913.06,928.97,913.06,3985.05,3.34,844.79,977.01,659.41,3139.95,23.86,57.56,-41.47
C2VV_T6_Pink_20241102_1033_0_merged_004_897.4s-923.4s.mp4__Negative_call001.wav,Alarm,Negative,545.554544,1.44,1086.93,1298.74,1441.57,1439.48,2323.83,5.12,870.32,1360.9,1049.99,9979.28,14.28,64.45,-138.82
C2VV_T11_Natural_20250207_1119_0_merged_002_127.9s-190.5s.mp4__Negative_call001.wav,Whine,Negative,546.012537,2.08,980.46,1000.14,1013.11,1002.07,4206.72,3.21,697.25,1209.45,897.93,3053.1,26.17,50.18,-44.73
C2VV_T7_Orange-Pink_20241121_0931_0_period_037_1379.9s-1466.8s.mp4__Negative_call001.wav,Whine,Negative,548.412888,2.83,504.86,985.66,1016.44,482.57,2156.04,3.54,501.8,660.5,355.1,1152.47,28.83,49.53,-23.18
C2VV_T7_Green-Blue_20241122_1023_0_period_004_342.2s-374.9s.mp4__Negative_call001.wav,Whine,Negative,548.950389,2.09,620.69,698.27,1056.03,616.86,1969.9,3.83,603.81,874.44,591.43,3241.86,25.38,65.13,-26.33
C2VV_T8_Pink-Green2_20241205_1105_0_period_001_1925.7s-2045.4s.mp4__Negative_call001.wav,Whine,Negative,550.061832,2.83,558.02,571.11,897.01,571.11,3161.47,3.02,582.18,897.39,577.11,1435.12,25.12,45.12,-42.97
C2VV_T7_Blue-Pink_20241122_1124_0_merged_003_842.7s-966.3s.mp4__Negative_call012.wav,Alarm,Negative,551.632667,1.95,1141.81,1321.51,1656.25,1146.43,2264.73,4.93,426.29,734.72,384.7,1235.18,17.46,57.5,-119.4
C2VV_T10_Pink_20250117_1008_0_period_004_943.9s-1411.7s.mp4__Negative_call006.wav,Whine,Negative,551.732875,1.9,905.23,914.19,919.99,914.72,2666.34,3.53,703.79,1023.77,687.75,2550.17,28.47,53.78,-67.0
C2VV_T6_Green_20241108_1337_0_period_001_117.3s-128.7s.mp4__Negative_call001.wav,Whine,Negative,552.354397,2.54,609.84,1047.3,1230.34,614.97,2359.42,3.58,556.39,731.33,458.76,1458.93,29.58,46.94,-27.94
C2VV_T10_Blue_20250122_1110_0_merged_007_1242.5s-1365.6s.mp4__Negative_call003.wav,Whine,Negative,552.918028,4.12,679.53,804.75,846.25,801.6,2570.77,2.7,806.59,949.57,354.74,2819.4,28.39,51.57,-68.67
C2VV_T6_Green_20241108_1337_0_merged_003_384.9s-442.5s.mp4__Negative_call014.wav,Alarm,Negative,552.973598,1.32,1211.24,1216.53,1232.42,1215.77,2587.19,4.47,526.37,630.66,344.67,2321.77,17.78,53.71,-121.62
C2VV_T9_Blue2_20241214_1354_0_merged_001_74.6s-373.4s.mp4__Ambiguous_call001.wav,Whine,Ambiguous,553.92572,1.38,877.86,904.02,926.55,879.31,4177.31,2.75,757.65,961.68,531.47,2428.32,29.07,43.6,-25.81
C2VV_T8_Pink-Green2_20241130_1204_0_period_003_860.2s-983.8s.mp4__Ambiguous_call001.wav,Whine,Ambiguous,554.240295,1.9,850.93,894.16,912.61,915.77,4244.47,4.17,464.93,762.31,424.27,2028.8,23.72,56.68,-68.85
C2VV_T8_Pink-Green2_20241203_1118_0_merged_004_3504.6s-3575.6s.mp4__Negative_call004.wav,Whine,Negative,555.9303,3.05,995.07,1125.24,1977.03,564.91,3050.26,4.31,505.37,628.53,267.81,833.09,25.74,51.97,-51.51
C2VV_T11_Green_20250130_1339_0_merged_012_3398.6s-3621.0s.mp4__Negative_call001.wav,Whine,Negative,556.522438,3.46,915.06,964.21,996.88,998.33,3100.69,3.1,937.17,1108.8,650.15,3552.79,27.9,56.23,-37.13
C2VV_T7_Blue-Pink_20241119_1318_0_merged_006_1355.9s-1491.3s.mp4__Negative_call004.wav,Whine,Negative,556.891366,2.64,797.18,1131.2,1494.38,804.75,2108.98,3.92,440.97,881.34,558.55,708.53,25.56,50.75,-66.03
C2VV_T8_Pink-Green2_20241205_1105_0_period_001_1925.7s-2045.4s.mp4__Negative_call002.wav,Whine,Negative,558.896582,3.76,588.44,597.49,1095.71,589.77,2489.47,2.77,612.46,1070.1,761.18,1183.92,27.41,42.05,-10.0
C2VV_T9_Blue2_20241220_1215_0_merged_005_539.6s-654.5s.mp4__Negative_call001.wav,Whine,Negative,562.780145,2.25,933.02,952.16,1030.95,947.27,4227.83,4.0,808.38,1296.78,1002.16,4545.55,24.48,56.76,-71.19
C2VV_T10_Blue_20250123_1216_0_period_008_1163.9s-1356.7s.mp4__Negative_call005.wav,Whine,Negative,562.842716,2.82,678.2,754.34,1000.83,681.39,2329.79,4.03,380.84,1011.04,725.51,2414.04,21.25,62.15,-57.5
C2VV_T8_Pink-Green2_20241205_1105_0_merged_004_1809.3s-2172.4s.mp4__Negative_call003.wav,Whine,Negative,563.733137,1.79,519.83,629.62,1041.34,1043.58,3731.24,4.07,583.73,924.53,609.83,1773.71,25.21,53.22,-47.93
C2VV_T11_Green_20250130_1339_0_period_003_1805.2s-1842.1s.mp4__Negative_call001.wav,Whine,Negative,563.895762,2.56,922.5,936.55,959.95,936.55,4027.43,3.96,809.5,1119.51,811.74,3425.62,23.99,64.36,-56.66
C2VV_T8_Pink-Green2_20241205_1105_0_merged_002_2124.4s-3632.1s.mp4__Negative_call047.wav,Whine,Negative,565.036223,2.83,585.88,863.25,1113.38,590.83,3539.67,3.8,544.87,800.46,434.85,1331.27,26.36,51.12,-56.51
C2VV_T10_Blue_20250122_1110_0_period_017_2597.3s-2646.8s.mp4__Negative_call001.wav,Whine,Negative,566.547517,2.79,960.48,980.53,1013.48,986.26,3626.62,3.22,923.75,1164.71,862.36,2795.74,27.75,56.58,-25.36
C2VV_T8_Pink-Green2_20241205_1105_0_merged_002_2124.4s-3632.1s.mp4__Negative_call011.wav,Whine,Negative,567.118695,4.13,713.38,1178.72,1267.62,1238.55,2619.21,3.64,560.96,848.52,546.77,1159.41,28.46,50.75,-53.48
C2VV_T11_Natural_20250205_1133_0_merged_002_585.8s-717.5s.mp4__Ambiguous_call001.wav,Cluck,Ambiguous,568.522727,0.56,593.31,797.65,847.84,838.87,5185.34,5.25,457.62,832.7,469.91,3734.38,5.38,57.36,-59.24
C2VV_T8_Pink-Green2_20241205_1105_0_merged_002_2124.4s-3632.1s.mp4__Negative_call040.wav,Alarm,Negative,570.45465,5.13,900.56,1059.94,1210.55,942.26,2237.73,4.8,807.88,1371.61,1064.87,9558.73,21.34,64.3,-65.78
C2VV_T6_Black_20241102_1142_0_merged_007_1786.4s-2613.2s.mp4__Negative_call004.wav,Whine,Negative,571.143792,2.87,693.38,1007.7,1295.22,703.82,1800.71,4.14,440.25,951.63,656.84,2640.72,25.76,64.22,-56.45
C2VV_T10_White_20250119_1017_0_period_004_555.6s-582.1s.mp4__Negative_call002.wav,Whine,Negative,571.412199,1.51,646.48,695.39,809.75,649.78,4213.93,4.45,693.18,844.62,531.4,4416.56,24.13,63.46,-23.81
C2VV_T10_Green_20250124_1329_0_merged_005_273.8s-684.2s.mp4__Negative_call003.wav,Whine,Negative,572.68785,1.64,552.43,581.15,646.53,584.81,3605.32,3.8,536.86,820.89,509.95,3979.87,24.14,64.47,-27.25
C2VV_T6_Natural_20241108_1122_0_merged_004_356.1s-420.5s.mp4__Negative_call001.wav,Whine,Negative,575.632638,2.31,790.6,840.9,923.74,858.25,1918.5,3.89,778.07,997.97,706.2,4413.09,24.29,62.23,-36.65
C2VV_T7_Blue-Pink_20241121_1300_0_period_002_1637.6s-1690.4s.mp4__Negative_call001.wav,Whine,Negative,576.241224,1.83,1113.47,1268.34,1510.99,747.04,2216.96,4.46,549.94,1307.35,985.24,3229.56,22.63,54.26,-49.21
C2VV_T8_Green-line_20241205_1001_0_merged_005_841.7s-1148.9s.mp4__Negative_call001.wav,Whine,Negative,577.046279,1.67,838.9,848.46,850.25,849.05,4401.61,3.37,715.54,931.57,602.63,2600.65,24.2,59.15,-62.88
C2VV_T8_Green-line_20241206_1019_0_period_031_2496.5s-2639.6s.mp4__Negative_call016.wav,Alarm,Negative,578.719986,1.82,762.74,783.59,818.71,768.23,1961.99,3.59,708.04,1058.57,708.37,5924.81,24.42,59.54,-68.22
C2VV_T11_Natural_20250202_1230_0_period_002_1728.8s-1783.0s.mp4__Ambiguous_call001.wav,Whine,Ambiguous,579.237259,2.08,1173.15,1261.95,1451.55,1173.63,4593.97,3.63,914.79,1544.09,1229.02,4793.72,25.2,53.28,-12.56
C2VV_T8_Green-line_20241205_1001_0_period_019_2242.2s-3403.6s.mp4__Negative_call005.wav,Alarm,Negative,581.04785,4.46,767.88,823.23,866.02,770.35,1830.09,3.88,613.8,979.72,672.13,6286.64,25.1,63.08,-62.74
C2VV_T7_Green-Blue_20241117_1525_0_period_012_2142.3s-2197.4s.mp4__Negative_call008.wav,Alarm,Negative,582.052211,6.35,1058.23,1155.51,1243.03,1156.3,1985.14,4.27,597.81,1316.79,1024.8,4452.06,26.13,57.37,-126.41
C2VV_T11_Pink_20250205_1033_0_period_008_929.1s-972.1s.mp4__Negative_call001.wav,Whine,Negative,589.913305,2.91,550.97,586.42,1095.06,1094.37,2267.66,2.94,553.41,698.13,217.02,1032.28,27.7,43.53,-27.87
C2VV_T7_Orange-Pink_20241117_1419_0_merged_001_1008.9s-1022.5s.mp4__Negative_call001.wav,Whine,Negative,589.933413,1.76,637.81,682.76,976.35,625.29,1939.59,4.34,431.16,1018.03,749.9,4320.01,20.2,64.01,-31.77
C2VV_T8_Green-line_20241202_1032_0_period_003_337.5s-423.5s.mp4__Ambiguous_call002.wav,Cluck,Ambiguous,590.351299,0.4,464.08,872.97,925.65,905.58,4689.39,5.73,460.45,533.47,102.78,2301.95,11.29,62.71,-71.9
C2VV_T9_Blue2_20241218_1231_0_merged_007_2435.3s-2764.3s.mp4__Negative_call007.wav,Whine,Negative,590.948738,11.83,819.25,1160.76,1357.94,1173.19,2392.0,4.03,482.09,989.2,713.04,1370.47,26.04,53.9,-41.42
C2VV_T6_Black_20241102_1142_0_merged_008_2646.1s-2684.5s.mp4__Negative_call001.wav,Alarm,Negative,592.158068,1.31,1059.36,1095.99,1147.13,1060.89,2772.72,5.05,748.79,1139.07,671.05,4484.11,12.97,60.68,-88.64
C2VV_T7_Orange-Pink_20241118_1021_0_period_015_2315.4s-2353.6s.mp4__Ambiguous_call001.wav,Whine,Ambiguous,592.586105,1.68,635.14,655.36,723.75,639.3,2039.79,4.22,622.4,809.01,525.9,4830.08,17.25,66.01,-22.96
C2VV_T8_Pink-Green2_20241205_1105_0_merged_004_1809.3s-2172.4s.mp4__Negative_call008.wav,Whine,Negative,593.11171,5.28,572.92,1087.87,1140.92,574.25,2914.22,3.62,572.99,855.3,491.83,1195.11,26.9,46.32,-35.5
C2VV_T7_Blue-Pink_20241117_1206_0_merged_005_2252.0s-2492.9s.mp4__Ambiguous_call001.wav,Whine,Ambiguous,593.270164,1.82,556.97,926.82,953.16,927.37,2385.14,4.18,513.3,1052.4,764.35,5210.0,15.09,58.72,-10.71
C2VV_T8_Pink-Green2_20241205_1105_0_merged_002_2124.4s-3632.1s.mp4__Negative_call048.wav,Whine,Negative,593.427323,4.65,513.67,958.73,1337.32,512.38,3020.87,3.69,511.12,835.55,491.92,1299.51,27.64,48.29,-45.11
C2VV_T7_Green-Blue_20241121_1150_0_merged_009_781.3s-868.8s.mp4__Negative_call001.wav,Whine,Negative,594.050406,2.01,1108.38,1127.3,1145.72,1147.71,2262.65,3.74,543.19,638.1,242.99,1293.1,23.4,50.29,-66.43
C2VV_T11_Natural_20250204_1002_0_period_001_100.2s-199.4s.mp4__Ambiguous_call001.wav,Whine,Ambiguous,594.357524,0.9,851.3,932.43,1111.36,344.52,4843.2,5.13,506.91,1064.81,766.52,5167.2,14.45,63.35,2.88
C2VV_T6_Green_20241105_0957_0_period_020_252.4s-267.7s.mp4__Negative_call001.wav,Whine,Negative,594.537016,4.17,594.35,1154.65,1186.05,1184.85,2263.84,3.54,576.86,638.92,316.5,889.02,27.57,46.39,-35.85
C2VV_T10_Pink_20250117_1008_0_period_004_943.9s-1411.7s.mp4__Negative_call013.wav,Whine,Negative,594.835144,4.77,833.57,848.66,870.04,834.2,2250.59,2.88,716.13,940.71,634.45,2830.64,27.77,50.3,-34.5
C2VV_T8_Pink-Green2_20241204_1112_0_merged_011_3396.0s-4056.1s.mp4__Negative_call001.wav,Whine,Negative,595.532444,2.01,642.32,667.71,715.51,656.76,3918.77,3.24,644.66,790.58,463.28,2252.07,25.15,52.53,-37.75
C2VV_T7_Green-Blue_20241120_1207_0_period_002_1033.1s-1050.1s.mp4__Negative_call001.wav,Alarm,Negative,600.983903,2.92,1203.22,1231.61,1281.91,1250.77,2259.01,4.79,595.57,1407.24,1098.58,5761.36,13.0,62.26,-146.47
C2VV_T10_Blue_20250118_1154_0_period_004_3416.0s-3695.2s.mp4__Negative_call002.wav,Whine,Negative,602.088615,3.46,981.85,1005.56,1055.0,993.99,3844.83,3.28,975.07,1264.91,967.79,3341.8,28.77,56.81,-43.12
C2VV_T8_Green-line_20241130_1101_0_period_007_998.9s-2248.0s.mp4__Ambiguous_call003.wav,Whine,Ambiguous,602.382212,0.52,871.9,908.39,931.43,902.63,5824.62,4.8,547.41,952.31,643.96,4866.43,9.6,61.46,-0.81
C2VV_T7_Blue-Pink_20241121_1300_0_merged_008_2378.2s-2583.3s.mp4__Negative_call011.wav,Whine,Negative,603.02596,2.98,1175.35,1410.96,1468.77,1410.62,2067.04,4.23,406.97,1411.02,1097.39,2287.66,21.51,53.94,-68.56
C2VV_T6_Pink_20241108_1226_0_merged_003_845.2s-884.7s.mp4__Negative_call002.wav,Whine,Negative,603.395938,1.96,619.98,628.15,934.82,620.49,1877.52,3.73,575.08,968.44,696.75,3152.37,23.98,54.6,-39.11
C2VV_T9_Green2_20241220_1010_0_merged_005_282.0s-342.3s.mp4__Negative_call002.wav,Whine,Negative,603.553398,3.64,671.38,693.61,800.34,676.05,2664.22,3.61,705.76,1129.99,815.47,4416.13,25.93,58.72,-61.97
C2VV_T9_Blue2_20241220_1215_0_merged_005_539.6s-654.5s.mp4__Negative_call002.wav,Whine,Negative,603.680333,3.0,670.05,694.76,902.42,674.06,3262.16,3.44,736.93,1013.5,673.68,3175.39,26.04,61.26,-48.45
C2VV_T9_Blue2_20241215_1039_0_period_006_1458.2s-1577.0s.mp4__Negative_call001.wav,Whine,Negative,603.694909,3.43,712.58,813.25,940.77,693.03,2778.09,3.51,786.4,1089.11,771.67,4124.87,28.74,61.57,-33.38
C2VV_T7_Blue-Pink_20241117_1206_0_merged_004_4152.2s-4158.4s.mp4__Negative_call001.wav,Whine,Negative,603.708558,2.51,714.35,741.81,838.92,713.56,1956.95,3.4,467.98,859.23,538.49,1528.09,30.64,49.35,-38.48
C2VV_T9_Green2_20241216_1336_0_period_008_571.8s-617.7s.mp4__Negative_call001.wav,Whine,Negative,603.808808,2.62,726.71,765.66,848.14,767.19,3505.92,3.02,757.45,970.92,399.6,3341.51,29.98,59.19,-51.9
C2VV_T7_Blue-Pink_20241117_1206_0_merged_006_1854.5s-1947.7s.mp4__Negative_call001.wav,Whine,Negative,604.020659,1.93,518.63,946.25,1001.06,995.89,2414.37,4.23,551.57,1152.87,855.83,5060.0,20.68,60.24,-3.87
C2VV_T11_Blue_20250201_1258_0_period_043_3416.7s-3457.2s.mp4__Negative_call001.wav,Whine,Negative,604.410237,2.34,817.0,838.41,846.55,841.41,3071.93,2.75,815.1,963.94,564.63,2314.19,25.69,52.67,-39.6
C2VV_T9_Blue2_20241220_1215_0_merged_010_2228.5s-2467.0s.mp4__Negative_call004.wav,Whine,Negative,605.574498,14.9,981.94,1100.05,1211.46,1099.79,1998.87,4.05,451.69,1275.23,966.23,2074.28,28.66,56.71,-84.09
C2VV_T7_Blue-Pink_20241122_1124_0_period_037_3345.8s-3387.1s.mp4__Negative_call002.wav,Whine,Negative,605.783251,2.82,1116.51,1361.82,1531.51,776.05,2244.38,4.12,456.92,1341.79,1016.87,1741.03,25.38,56.62,-46.47
C2VV_T8_Green-line_20241128_1016_0_merged_002_528.5s-710.1s.mp4__Negative_call005.wav,Whine,Negative,606.29383,4.17,630.91,635.47,752.39,631.39,2236.05,2.11,682.49,852.07,306.3,1718.61,30.01,40.09,-18.29
C2VV_T7_Green-Blue_20241121_1150_0_merged_002_429.5s-728.3s.mp4__Negative_call005.wav,Cluck,Negative,606.758427,0.33,522.8,678.14,755.81,678.14,2147.51,4.97,384.68,717.14,394.38,2989.34,8.96,56.76,-29.62
C2VV_T11_Pink_20250207_1018_0_period_001_100.3s-177.7s.mp4__Negative_call001.wav,Whine,Negative,606.9647,1.71,789.69,795.54,796.12,796.12,3226.81,2.79,750.63,857.93,478.47,1475.58,26.6,45.89,-51.57
C2VV_T10_Blue_20250122_1110_0_period_006_571.8s-717.0s.mp4__Negative_call001.wav,Whine,Negative,607.105833,1.93,954.53,957.63,1013.47,955.56,3281.45,3.53,901.87,1103.96,795.51,4423.13,27.92,61.27,-32.2
C2VV_T9_Natural2_20241219_1343_0_merged_008_2019.7s-2499.0s.mp4__Negative_call006.wav,Whine,Negative,607.492056,3.72,656.88,663.06,766.04,658.49,2579.55,3.2,583.0,945.24,622.12,1031.45,25.81,49.61,-64.39
C2VV_T8_Pink-Green2_20241205_1105_0_merged_002_2124.4s-3632.1s.mp4__Negative_call035.wav,Alarm,Negative,607.739285,9.3,1043.27,1054.45,1107.8,1054.34,2237.3,4.76,858.01,1335.45,1027.15,7022.12,15.38,63.19,-166.51
C2VV_T10_Blue_20250120_1253_0_period_002_1070.4s-1189.3s.mp4__Negative_call001.wav,Whine,Negative,608.257598,4.57,884.47,955.95,978.69,987.87,2183.22,2.96,852.46,1232.77,924.44,3572.32,27.43,50.61,-38.54
C2VV_T10_Blue_20250119_1234_0_merged_012_3238.7s-3293.5s.mp4__Negative_call001.wav,Whine,Negative,608.765899,1.9,997.49,1025.35,1061.09,1072.65,4185.81,3.28,829.13,1130.18,839.34,3817.82,25.75,54.92,-35.78
C2VV_T7_Blue-Pink_20241120_1318_0_merged_016_2105.7s-2158.1s.mp4__Negative_call003.wav,Whine,Negative,610.481735,8.28,1242.01,1384.44,1582.87,1405.68,2329.91,4.89,650.05,1543.17,1238.72,4946.58,21.18,62.16,-69.45
C2VV_T9_Blue2_20241215_1039_0_merged_007_1837.9s-2020.5s.mp4__Negative_call001.wav,Whine,Negative,610.99201,2.42,874.9,889.79,898.89,898.89,4529.7,3.28,766.14,1139.09,815.55,3123.56,26.68,51.09,-90.62
C2VV_T10_Green_20250124_1329_0_merged_009_1272.7s-1343.5s.mp4__Negative_call001.wav,Whine,Negative,611.408208,2.23,552.55,594.67,719.26,553.89,3123.41,3.72,568.36,851.25,519.12,4931.26,26.44,62.29,-35.02
C2VV_T8_Green-line_20241130_1101_0_period_007_998.9s-2248.0s.mp4__Ambiguous_call001.wav,Whine,Ambiguous,611.485657,0.56,700.88,713.43,715.22,713.43,5177.29,4.1,385.35,729.5,387.41,2029.82,25.1,53.78,-25.8
C2VV_T7_Blue-Pink_20241121_1300_0_merged_008_2378.2s-2583.3s.mp4__Negative_call013.wav,Whine,Negative,612.413458,2.98,1226.09,1360.2,1499.01,1507.07,2218.58,4.61,729.65,1500.73,1197.8,6206.5,23.53,62.35,-40.94
C2VV_T7_Blue-Pink_20241119_1318_0_merged_030_3299.5s-3417.3s.mp4__Negative_call001.wav,Whine,Negative,612.611988,6.55,1143.82,1447.23,1541.65,781.44,2168.34,4.4,437.97,1487.82,1178.38,1920.58,25.28,58.82,-26.81
C2VV_T8_Green-line_20241205_1001_0_period_007_763.1s-801.1s.mp4__Negative_call003.wav,Whine,Negative,614.925027,7.49,992.21,1086.29,1164.09,1141.67,2047.52,4.05,558.4,1146.65,850.42,2210.76,24.89,56.65,-55.93
C2VV_T9_Blue2_20241215_1039_0_period_006_1458.2s-1577.0s.mp4__Negative_call002.wav,Whine,Negative,615.687376,5.03,622.33,680.37,1161.18,585.76,2918.21,3.5,686.14,1054.16,739.56,2370.91,29.32,57.54,-21.99
C2VV_T9_Blue2_20241220_1215_0_merged_013_2638.6s-2980.6s.mp4__Negative_call001.wav,Whine,Negative,615.966003,3.76,583.02,928.84,1363.31,456.3,2821.46,3.53,721.54,1027.33,740.76,2927.91,27.29,56.84,-51.81
C2VV_T10_Blue_20250124_1228_0_period_005_1948.8s-2158.0s.mp4__Negative_call005.wav,Whine,Negative,619.328502,4.29,762.35,869.3,897.96,869.53,2891.41,2.81,775.23,1045.7,727.84,2818.21,28.77,49.86,-49.3
C2VV_T8_Green-line_20241206_1019_0_merged_002_116.5s-320.7s.mp4__Negative_call011.wav,Whine,Negative,619.744517,5.1,1080.24,1138.33,1182.1,1181.12,2457.91,3.49,567.51,845.64,547.15,1297.51,26.3,54.07,-42.96
C2VV_T7_Blue-Pink_20241118_1627_0_period_005_2867.5s-3056.9s.mp4__Negative_call001.wav,Whine,Negative,620.410948,1.51,824.81,901.72,977.3,924.92,2167.09,3.89,644.75,1054.79,755.52,3930.73,17.9,58.01,-17.34
C2VV_T6_Natural_20241107_1007_0_merged_001_108.0s-179.6s.mp4__Negative_call001.wav,Whine,Negative,622.257179,3.2,649.38,964.22,1269.68,649.69,1940.06,3.97,533.42,1062.14,778.4,2308.63,28.76,57.06,-38.71
C2VV_T8_Green-line_20241206_1019_0_period_031_2496.5s-2639.6s.mp4__Negative_call031.wav,Alarm,Negative,624.107627,3.12,1098.89,1104.01,1122.9,1100.49,2575.98,3.72,469.2,929.01,592.78,1570.83,19.05,50.26,-137.16
C2VV_T10_Blue_20250122_1110_0_merged_007_1242.5s-1365.6s.mp4__Negative_call002.wav,Whine,Negative,626.008201,4.73,617.0,629.26,701.12,617.84,2350.15,2.65,772.51,1010.28,655.6,2453.78,28.64,44.49,-50.32
C2VV_T11_Natural_20250202_1230_0_merged_001_0.1s-364.9s.mp4__Negative_call003.wav,Whine,Negative,627.69122,2.16,1111.69,1134.41,1154.8,1137.19,3634.34,3.29,1060.27,1275.04,799.06,3681.53,25.27,58.88,-40.79
C2VV_T10_Blue_20250122_1110_0_period_005_487.9s-517.3s.mp4__Negative_call001.wav,Whine,Negative,629.21434,4.89,818.58,943.04,988.69,987.46,3041.84,2.8,886.8,1112.92,804.15,2305.52,27.22,49.64,-40.49
C2VV_T8_Green-line_20241202_1032_0_merged_015_2386.9s-2605.4s.mp4__Negative_call002.wav,Whine,Negative,631.097417,4.39,690.66,780.9,826.93,783.86,3239.47,3.12,688.29,923.07,594.19,1604.74,29.17,51.16,-29.08
C2VV_T8_Pink-Green2_20241205_1105_0_merged_002_2124.4s-3632.1s.mp4__Negative_call007.wav,Whine,Negative,631.955339,3.48,622.13,1170.48,1211.25,608.07,3170.53,3.6,579.73,990.64,647.89,1551.87,24.4,44.93,-57.83
C2VV_T8_Pink-Green2_20241206_1132_0_merged_009_3600.6s-3766.8s.mp4__Negative_call001.wav,Whine,Negative,632.25512,4.08,537.9,991.58,1027.81,1006.27,2804.02,3.25,591.45,941.98,623.16,1745.18,30.6,50.68,-29.43
C2VV_T7_Blue-Pink_20241118_1627_0_period_006_3292.4s-3338.1s.mp4__Negative_call001.wav,Whine,Negative,633.140435,3.29,724.15,778.29,815.7,714.72,1913.49,3.56,582.88,974.82,670.53,2568.03,27.37,51.7,-34.75
C2VV_T8_Pink-Green2_20241130_1204_0_merged_010_1866.0s-1975.6s.mp4__Negative_call001.wav,Whine,Negative,633.259866,3.09,511.85,521.57,1018.19,513.47,2929.86,2.89,507.33,711.83,378.97,1039.79,31.91,41.3,-16.17
C2VV_T11_Green_20250130_1339_0_merged_013_2647.8s-2694.3s.mp4__Negative_call001.wav,Whine,Negative,637.238125,1.85,938.89,957.31,982.77,957.31,3840.55,3.48,904.31,1055.74,735.86,4243.93,27.63,56.61,-20.47
C2VV_T10_Pink_20250117_1008_0_period_004_943.9s-1411.7s.mp4__Negative_call009.wav,Whine,Negative,638.902372,2.16,828.87,867.32,874.74,874.27,2384.21,3.07,503.86,921.29,611.7,2188.41,28.96,51.2,-55.46
C2VV_T11_Natural_20250206_1246_0_period_002_217.3s-285.0s.mp4__Negative_call001.wav,Whine,Negative,640.935738,2.08,906.03,931.95,947.8,932.91,4200.6,3.19,845.74,1101.57,776.49,3781.5,26.41,55.22,-25.59
C2VV_T8_Blue-cross_20241202_1340_0_merged_007_1288.3s-1310.8s.mp4__Negative_call001.wav,Whine,Negative,642.14581,1.82,715.02,775.07,828.5,771.76,2824.46,3.56,710.61,954.53,646.31,5097.36,30.3,60.04,-24.89
C2VV_T10_Pink_20250117_1008_0_period_004_943.9s-1411.7s.mp4__Negative_call008.wav,Whine,Negative,642.766567,1.64,795.03,813.36,838.42,796.86,3138.94,3.59,616.72,969.4,654.71,3734.74,28.72,57.14,-28.77
C2VV_T11_Pink_20250206_1055_0_merged_012_3358.2s-3573.7s.mp4__Negative_call001.wav,Whine,Negative,645.511123,3.21,621.56,624.67,645.83,624.36,2119.46,2.19,681.11,861.44,307.53,1275.33,26.13,39.66,-21.81
C2VV_T10_Green_20250122_1324_0_period_012_1369.2s-1404.1s.mp4__Negative_call001.wav,Whine,Negative,646.217989,2.6,758.23,776.71,827.54,764.39,2401.28,3.68,685.08,968.79,607.18,4598.38,27.34,65.08,-38.22
C2VV_T7_Green-Blue_20241121_1150_0_period_013_1318.1s-1376.5s.mp4__Negative_call001.wav,Whine,Negative,646.774731,2.5,504.17,994.34,1029.55,501.37,2004.46,3.82,489.39,552.6,211.61,838.61,25.41,56.02,-25.21
C2VV_T7_Green-Blue_20241120_1207_0_period_017_2477.1s-2509.9s.mp4__Negative_call001.wav,Whine,Negative,647.349414,1.81,544.18,565.13,1067.96,563.48,2206.98,3.85,542.65,673.89,364.97,1711.37,23.98,55.96,-21.96
C2VV_T9_Green2_20241220_1010_0_merged_007_459.3s-506.1s.mp4__Negative_call001.wav,Whine,Negative,647.785899,3.22,679.89,714.66,747.88,671.82,2735.86,3.32,713.24,937.22,350.0,1657.44,22.04,50.14,-71.2
C2VV_T7_Blue-Pink_20241116_1426_0_period_003_2423.6s-2458.9s.mp4__Ambiguous_call001.wav,Whine,Ambiguous,648.179465,1.4,313.95,626.47,976.81,234.75,2379.34,4.51,446.92,1205.37,898.42,2440.75,10.7,67.43,-16.59
C2VV_T7_Orange-Pink_20241117_1419_0_period_001_481.7s-506.1s.mp4__Negative_call001.wav,Alarm,Negative,649.028936,1.92,714.34,864.7,1042.63,758.56,1663.36,4.85,436.9,1061.12,752.79,4422.35,17.43,64.77,-61.38
C2VV_T11_Natural_20250207_1119_0_merged_002_127.9s-190.5s.mp4__Negative_call002.wav,Whine,Negative,649.952482,1.6,996.1,1006.74,1014.24,1007.99,3382.99,3.06,766.7,1183.5,872.7,3704.65,29.7,52.21,-1.48
C2VV_T9_Natural2_20241218_1332_0_period_014_3262.4s-3422.9s.mp4__Negative_call006.wav,Alarm,Negative,652.359245,0.48,626.66,659.75,703.18,678.37,4347.8,5.16,515.86,697.63,419.62,4826.96,12.41,52.74,-106.64
C2VV_T9_Natural2_20241219_1343_0_merged_002_131.6s-385.0s.mp4__Negative_call001.wav,Whine,Negative,653.648189,1.75,805.49,841.53,867.85,820.36,4275.51,3.43,762.02,936.83,582.36,2726.1,28.32,52.35,-23.54
C2VV_T6_Green_20241105_0957_0_merged_022_2928.4s-2971.2s.mp4__Ambiguous_call001.wav,Whine,Ambiguous,654.197418,1.14,709.76,742.19,819.3,742.19,2280.5,4.25,425.18,888.98,586.49,2580.44,17.09,61.78,-35.67
C2VV_T8_Pink-Green2_20241205_1105_0_merged_004_1809.3s-2172.4s.mp4__Negative_call005.wav,Whine,Negative,657.656931,3.53,573.71,1054.3,1156.76,1062.22,3625.23,4.0,536.65,774.89,338.66,901.39,26.46,51.23,-48.21
C2VV_T8_Pink-Green2_20241130_1204_0_period_006_1520.5s-1594.9s.mp4__Negative_call001.wav,Whine,Negative,657.786045,3.76,1103.74,1135.16,1153.79,1153.53,2410.73,3.04,582.64,658.17,251.38,724.42,25.56,44.59,-57.1
C2VV_T7_Blue-Pink_20241119_1318_0_merged_024_3212.0s-3279.9s.mp4__Negative_call005.wav,Whine,Negative,658.376859,3.38,876.67,1301.26,1642.54,811.37,2430.34,4.84,395.32,719.02,411.49,1170.81,21.72,59.54,-73.29
C2VV_T10_Green_20250124_1329_0_merged_005_273.8s-684.2s.mp4__Negative_call002.wav,Cluck,Negative,658.630671,1.26,439.7,476.86,604.98,438.9,5508.36,4.65,465.4,578.56,181.0,2402.0,23.72,60.89,-9.18
C2VV_T10_Blue_20250123_1216_0_period_013_2914.4s-2975.9s.mp4__Negative_call001.wav,Whine,Negative,662.070668,1.41,580.22,911.36,1149.82,1045.1,3142.07,5.44,492.74,890.87,578.51,4166.33,7.08,70.76,-51.86
C2VV_T9_Blue2_20241215_1039_0_merged_001_79.5s-552.3s.mp4__Negative_call005.wav,Whine,Negative,662.884291,3.68,547.54,675.46,854.17,525.0,3017.56,3.31,774.3,1115.22,735.28,2799.05,26.34,53.37,-43.0
C2VV_T8_Pink-Green2_20241130_1204_0_period_006_1520.5s-1594.9s.mp4__Negative_call004.wav,Whine,Negative,663.992668,2.53,614.23,890.33,1180.66,613.44,3225.9,3.39,550.5,884.31,566.44,1023.24,27.06,44.83,-39.13
C2VV_T6_Green_20241107_1210_0_merged_014_2388.4s-2440.4s.mp4__Negative_call001.wav,Whine,Negative,664.116296,2.42,1184.42,1231.55,1261.31,1267.1,2379.91,3.45,585.69,645.07,159.9,618.5,21.08,48.58,-98.81
C2VV_T9_Natural2_20241218_1332_0_merged_001_69.1s-113.2s.mp4__Negative_call001.wav,Whine,Negative,664.264773,2.06,976.0,1007.55,1017.74,1017.74,2292.93,2.64,976.26,1050.04,486.3,2267.25,28.15,50.72,-9.32
C2VV_T6_Black_20241107_1107_0_merged_026_2658.9s-2694.3s.mp4__Negative_call003.wav,Whine,Negative,664.505138,2.15,1104.16,1210.58,1339.77,1129.26,2133.37,4.64,581.88,1389.93,1076.46,3820.28,14.17,61.34,-80.18
C2VV_T11_Pink_20250205_1033_0_merged_007_1031.1s-1080.3s.mp4__Negative_call001.wav,Whine,Negative,667.76408,2.47,609.46,622.41,635.36,615.53,2404.24,2.63,598.26,724.01,415.62,1548.97,25.7,42.49,-49.36
C2VV_T11_Pink_20250207_1018_0_merged_008_742.4s-889.9s.mp4__Negative_call001.wav,Whine,Negative,672.08135,2.83,622.32,637.88,643.19,622.32,2323.35,1.93,679.87,855.23,252.73,1023.89,26.89,36.97,-48.53
C2VV_T6_Pink_20241107_1320_0_merged_001_276.1s-365.0s.mp4__Negative_call001.wav,Whine,Negative,673.416137,1.56,845.69,887.3,941.72,862.97,1734.01,3.57,810.07,1015.12,707.65,4673.31,26.89,66.26,-59.52
pc_301e3b5ba9bbbd4a__C2VV_T6_Natural_20241105_1316__2145.480s-2145.874s,Whine,Positive,676.884605,0.394,375.62,862.91,1164.93,1187.78,2554.46,5.13,767.35,1211.03,835.78,8569.91,3.81,65.99,-0.91
C2VV_T6_Black_20241102_1142_0_merged_008_2646.1s-2684.5s.mp4__Negative_call011.wav,Alarm,Negative,677.62475,4.84,961.56,1116.44,1273.39,1116.24,2363.59,4.8,642.41,1271.27,970.43,5608.54,17.68,58.62,-116.74
C2VV_T10_Blue_20250123_1216_0_merged_004_408.7s-969.0s.mp4__Negative_call029.wav,Alarm,Negative,679.014895,3.2,1173.07,1244.67,1403.5,1215.28,2287.38,4.4,706.94,1393.87,1085.48,5290.11,18.29,61.59,-109.13
C2VV_T9_Blue2_20241218_1231_0_period_003_287.1s-794.5s.mp4__Negative_call003.wav,Whine,Negative,681.64224,0.82,1047.38,1079.16,1086.49,1081.6,5742.8,4.53,506.6,582.91,270.45,2851.66,19.55,55.61,-18.69
C2VV_T8_Pink-Green2_20241204_1112_0_period_005_2401.7s-2421.0s.mp4__Negative_call001.wav,Whine,Negative,681.846833,7.06,1125.35,1175.51,1213.21,1173.67,2754.97,4.03,598.51,1327.3,1039.22,1795.41,27.21,55.48,-51.55
C2VV_T8_Green-line_20241130_1101_0_period_007_998.9s-2248.0s.mp4__Ambiguous_call004.wav,Whine,Ambiguous,682.442993,0.95,791.14,1015.82,1235.23,0.0,6200.75,6.02,845.12,1185.16,825.42,5818.5,8.97,56.96,-87.4
C2VV_T8_Green-line_20241202_1032_0_merged_008_892.1s-1219.5s.mp4__Negative_call001.wav,Whine,Negative,682.862743,3.2,800.7,807.27,815.09,815.71,2852.57,2.11,824.45,1150.09,763.95,1402.67,24.07,35.49,-36.31
C2VV_T8_Green-line_20241205_1001_0_merged_003_662.6s-752.5s.mp4__Negative_call002.wav,Whine,Negative,682.862794,5.95,632.38,673.55,1196.69,645.15,2059.88,2.95,540.78,1003.13,729.04,1614.53,26.55,45.79,-59.76
C2VV_T7_Green-Blue_20241114_1335_0_period_007_1609.1s-1660.6s.mp4__Ambiguous_call001.wav,Whine,Ambiguous,684.01103,0.96,344.44,514.57,641.91,219.19,2534.43,4.74,479.6,652.43,297.15,3294.22,9.92,67.84,-26.5
C2VV_T9_Blue2_20241216_1111_0_period_035_3498.0s-3549.6s.mp4__Negative_call001.wav,Whine,Negative,684.168903,2.3,883.4,911.61,943.3,882.53,4955.9,3.55,662.65,1044.07,735.07,3408.6,28.22,56.0,-39.87
C2VV_T11_Blue_20250202_1333_0_period_001_83.3s-150.0s.mp4__Negative_call001.wav,Whine,Negative,684.210143,1.75,906.18,924.48,939.93,905.03,3240.25,2.59,892.08,1041.06,732.07,2361.97,26.6,44.62,-20.74
C2VV_T10_Blue_20250118_1154_0_period_002_1465.1s-1576.1s.mp4__Negative_call003.wav,Whine,Negative,685.869282,4.98,887.31,1032.18,1069.31,1065.09,3156.47,3.46,934.54,1314.17,981.6,3318.29,26.79,56.99,-41.88
C2VV_T7_Green-Blue_20241117_1525_0_period_009_1839.2s-1982.6s.mp4__Negative_call007.wav,Whine,Negative,685.941292,2.28,683.03,725.58,1164.27,1164.27,1914.5,3.28,437.61,707.07,394.6,1159.56,27.2,47.6,-58.56
C2VV_T7_Blue-Pink_20241119_1318_0_merged_003_230.6s-359.3s.mp4__Ambiguous_call001.wav,Whine,Ambiguous,686.557991,1.06,880.21,909.37,922.53,911.25,1980.27,3.44,446.25,489.94,171.14,1087.26,21.16,51.25,-17.35
C2VV_T10_Blue_20250121_1127_0_merged_004_1170.5s-2893.2s.mp4__Ambiguous_call001.wav,Whine,Ambiguous,689.999028,2.57,864.71,1049.81,1240.36,876.01,3569.28,5.45,471.34,1450.6,1137.37,3734.49,14.42,71.9,-51.82
C2VV_T7_Blue-Pink_20241122_1124_0_period_011_1339.9s-1369.0s.mp4__Negative_call004.wav,Alarm,Negative,692.980991,0.87,818.29,1186.46,1274.18,1163.38,2614.61,5.34,460.27,777.67,466.83,4903.44,8.08,65.21,-136.45
C2VV_T10_Blue_20250119_1234_0_period_002_1065.9s-1296.8s.mp4__Negative_call008.wav,Whine,Negative,693.394261,4.95,835.96,884.28,957.26,956.45,2934.56,3.01,912.81,1193.07,875.57,2889.53,28.4,52.16,-32.72
C2VV_T7_Orange-Pink_20241118_1021_0_period_006_1678.8s-1706.4s.mp4__Negative_call001.wav,Whine,Negative,693.678241,1.52,592.72,724.65,902.53,761.41,1911.43,4.75,571.44,1431.22,1122.83,4241.35,13.78,68.26,-9.35
C2VV_T10_Blue_20250122_1110_0_period_002_220.3s-292.8s.mp4__Negative_call003.wav,Whine,Negative,693.938922,1.22,1107.06,1159.62,1176.87,1176.04,4701.31,3.99,904.94,1213.63,879.74,2799.6,26.28,50.51,-0.22
C2VV_T10_Green_20250123_1012_0_merged_012_1720.5s-1740.5s.mp4__Negative_call001.wav,Whine,Negative,696.942347,2.6,781.85,821.54,841.96,798.03,3295.13,3.48,737.67,941.39,547.75,3202.89,27.36,56.26,-67.58
C2VV_T8_Pink-Green2_20241206_1132_0_merged_008_3412.0s-3566.3s.mp4__Negative_call001.wav,Whine,Negative,698.009137,2.83,815.05,837.33,862.43,854.3,3730.2,3.18,736.79,915.76,545.84,2328.82,29.17,50.03,-29.13
C2VV_T11_Natural_20250205_1133_0_merged_001_63.2s-177.3s.mp4__Ambiguous_call001.wav,Whine,Ambiguous,698.557956,2.25,957.6,972.73,1023.9,959.83,4830.07,4.09,893.0,1183.06,833.26,4623.0,25.81,61.85,-37.41
C2VV_T11_Natural_20250207_1119_0_merged_002_127.9s-190.5s.mp4__Negative_call003.wav,Whine,Negative,699.81554,2.41,949.01,962.31,985.17,949.01,4117.99,3.56,933.34,1107.04,655.26,3198.06,28.06,56.12,-51.98
C2VV_T8_Pink-Green2_20241204_1112_0_merged_011_3396.0s-4056.1s.mp4__Negative_call008.wav,Whine,Negative,700.91483,4.2,540.62,962.74,1105.51,584.64,3122.23,3.61,531.38,804.47,479.79,1052.4,28.32,47.83,-20.44
C2VV_T8_Green-line_20241205_1001_0_merged_003_662.6s-752.5s.mp4__Negative_call003.wav,Whine,Negative,702.103475,4.21,567.47,631.84,969.85,560.58,2135.03,2.63,502.57,912.93,642.6,1176.77,27.79,41.81,-41.91
C2VV_T11_Natural_20250203_1004_0_period_001_189.0s-3838.0s.mp4__Ambiguous_call001.wav,Cluck,Ambiguous,707.549926,0.63,730.7,749.68,793.97,738.61,3755.21,4.43,496.52,816.92,489.73,5431.12,17.4,45.87,-80.76
C2VV_T10_Blue_20250120_1253_0_period_010_2203.8s-2240.6s.mp4__Negative_call001.wav,Whine,Negative,708.203469,1.3,1027.4,1098.1,1101.94,1101.94,4524.4,4.14,914.74,1239.05,926.69,3934.34,21.13,62.63,-31.97
C2VV_T8_Green-line_20241206_1019_0_merged_002_116.5s-320.7s.mp4__Negative_call001.wav,Whine,Negative,708.885247,2.75,679.47,691.83,713.63,692.19,3053.97,2.7,701.5,843.41,486.64,2024.87,25.07,46.15,-73.17
C2VV_T10_Blue_20250119_1234_0_period_002_1065.9s-1296.8s.mp4__Negative_call009.wav,Whine,Negative,709.000377,2.34,1009.73,1076.53,1149.33,1081.24,3820.4,3.38,960.49,1246.02,937.81,2697.37,26.55,55.45,-17.97
C2VV_T10_Blue_20250121_1127_0_period_003_1104.9s-1138.1s.mp4__Negative_call001.wav,Whine,Negative,710.909863,1.71,861.96,984.85,1182.05,861.96,3509.75,5.43,475.35,1006.86,699.26,3071.53,18.73,64.95,-51.53
C2VV_T11_Pink_20250130_1017_0_merged_014_3103.9s-3601.8s.mp4__Negative_call003.wav,Whine,Negative,712.42256,2.48,544.2,547.43,562.77,547.03,2632.52,2.71,614.69,792.75,394.72,2255.82,27.05,48.65,-46.56
C2VV_T6_Natural_20241108_1122_0_merged_002_190.4s-248.7s.mp4__Negative_call001.wav,Whine,Negative,713.069252,4.45,636.42,720.78,1164.85,648.57,1884.2,4.02,566.56,1017.39,709.6,2706.76,23.85,57.7,-38.39
C2VV_T10_Blue_20250124_1228_0_period_002_562.3s-588.1s.mp4__Negative_call001.wav,Whine,Negative,713.960959,5.67,643.26,681.55,705.55,647.31,2414.47,2.65,763.83,1054.02,772.3,2875.94,29.21,48.88,-46.46
C2VV_T7_Green-Blue_20241122_1023_0_merged_011_1873.7s-1899.6s.mp4__Negative_call001.wav,Whine,Negative,716.495167,5.64,769.77,969.26,1132.93,620.11,1931.34,4.24,518.33,996.59,692.91,2592.33,25.45,61.71,-22.14
C2VV_T7_Green-Blue_20241122_1023_0_period_027_2870.1s-3041.2s.mp4__Negative_call003.wav,Whine,Negative,716.569829,2.23,471.44,496.53,923.16,471.44,2026.36,4.35,468.36,602.63,318.87,1715.19,13.89,64.08,-35.54
C2VV_T8_Green-line_20241205_1001_0_merged_005_841.7s-1148.9s.mp4__Negative_call002.wav,Whine,Negative,718.325463,2.61,621.14,628.79,698.02,628.41,2589.1,2.36,714.53,980.45,414.53,2298.44,28.3,48.96,-33.31
C2VV_T7_Blue-Pink_20241116_1426_0_period_006_3311.8s-3379.3s.mp4__Negative_call001.wav,Whine,Negative,719.347426,3.06,876.89,970.26,1030.66,1053.19,2518.66,4.01,664.39,1192.7,900.94,3729.13,15.18,60.56,-26.85
C2VV_T7_Orange-Pink_20241117_1419_0_period_001_481.7s-506.1s.mp4__Negative_call007.wav,Alarm,Negative,720.157321,1.92,702.37,903.72,1122.75,903.72,2393.91,5.18,472.28,1151.3,855.15,5021.37,8.32,68.42,-71.09
C2VV_T8_Pink-Green2_20241206_1132_0_merged_003_1978.6s-2486.2s.mp4__Negative_call006.wav,Whine,Negative,721.045924,2.07,702.3,769.78,854.13,855.09,3752.78,4.23,686.24,967.91,618.2,5067.59,22.17,66.52,-55.37
C2VV_T9_Blue2_20241216_1111_0_period_003_125.6s-665.9s.mp4__Negative_call011.wav,Whine,Negative,724.310972,2.64,855.5,873.68,925.18,853.23,4533.61,3.18,807.25,1181.81,871.7,2874.79,25.18,50.37,-51.3
C2VV_T7_Green-Blue_20241115_1215_0_period_006_3384.2s-3418.2s.mp4__Ambiguous_call001.wav,Whine,Ambiguous,724.90955,2.3,443.38,779.29,872.84,842.38,2201.33,4.7,469.55,980.1,671.71,3141.21,10.23,69.4,-12.24
C2VV_T7_Green-Blue_20241121_1150_0_merged_002_429.5s-728.3s.mp4__Negative_call009.wav,Whine,Negative,725.693843,2.6,540.84,1070.53,1100.49,535.46,2192.27,4.03,518.71,593.32,241.81,1144.87,29.96,49.94,-36.77
C2VV_T7_Green-Blue_20241115_1215_0_merged_001_127.5s-221.6s.mp4__Ambiguous_call003.wav,Cluck,Ambiguous,725.973277,1.71,287.27,392.36,639.93,217.78,2303.12,4.98,387.6,500.53,185.92,2664.86,2.92,68.9,-29.8
C2VV_T11_Green_20250130_1339_0_period_002_355.7s-409.8s.mp4__Negative_call001.wav,Whine,Negative,726.856083,2.99,810.67,902.79,933.61,908.82,3345.34,3.72,803.6,1032.17,714.72,4421.53,27.47,60.97,-37.07
C2VV_T7_Blue-Pink_20241120_1318_0_merged_014_1702.3s-1766.0s.mp4__Negative_call002.wav,Whine,Negative,726.890369,5.99,1161.87,1217.15,1522.61,1204.46,2375.06,4.46,413.0,752.79,449.4,1052.03,24.47,57.37,-59.15
C2VV_T11_Pink_20250205_1033_0_merged_007_868.7s-920.1s.mp4__Negative_call001.wav,Whine,Negative,729.762169,1.85,571.19,624.2,1138.59,571.73,2395.89,3.44,579.65,796.4,487.08,2806.17,29.21,55.44,-6.7
C2VV_T7_Pink-Green_20241120_0927_0_merged_010_1243.3s-1310.7s.mp4__Negative_call001.wav,Whine,Negative,729.923586,5.13,984.54,1144.31,1167.69,1166.72,2074.27,3.6,575.11,1020.92,687.48,1230.78,29.03,51.73,-23.97
C2VV_T9_Blue2_20241215_1039_0_merged_001_79.5s-552.3s.mp4__Negative_call008.wav,Whine,Negative,733.171916,4.42,556.89,996.61,1412.81,469.58,2280.45,3.98,515.4,1165.9,788.95,1567.28,26.8,53.72,-40.31
C2VV_T11_Blue_20250206_1351_0_merged_001_114.4s-345.5s.mp4__Negative_call001.wav,Whine,Negative,733.587896,2.42,656.49,671.79,689.17,659.8,2610.73,2.8,672.29,840.45,293.01,1473.46,23.79,51.29,-31.93
C2VV_T7_Orange-Pink_20241121_0931_0_period_037_1379.9s-1466.8s.mp4__Negative_call002.wav,Whine,Negative,735.897634,2.98,653.38,718.58,1226.43,686.99,2199.81,4.09,429.13,853.35,553.47,2593.4,27.06,55.12,-46.32
C2VV_T9_Blue2_20241213_1307_0_period_001_87.3s-639.4s.mp4__Negative_call001.wav,Whine,Negative,736.792057,3.94,876.15,1007.8,1059.29,1002.22,2555.84,2.98,853.26,1080.83,686.24,2477.51,28.41,53.27,-22.73
C2VV_T9_Natural2_20241219_1343_0_merged_007_684.3s-876.7s.mp4__Negative_call003.wav,Whine,Negative,736.824074,3.64,645.59,672.48,690.59,643.95,2834.89,3.08,642.37,946.14,667.88,1686.55,23.46,45.27,-50.67
C2VV_T7_Green-Blue_20241117_1525_0_merged_002_101.9s-157.5s.mp4__Negative_call001.wav,Whine,Negative,738.09992,2.1,641.49,647.68,686.67,642.92,1937.94,3.49,526.71,880.01,582.69,1942.59,23.54,51.83,-18.87
C2VV_T8_Green-line_20241202_1032_0_merged_008_892.1s-1219.5s.mp4__Negative_call003.wav,Whine,Negative,738.386246,2.6,799.35,836.61,847.74,802.03,3156.74,2.49,853.32,1128.29,771.36,2498.3,28.04,46.48,-70.36
C2VV_T7_Blue-Pink_20241119_1318_0_period_012_1561.9s-1616.8s.mp4__Negative_call002.wav,Whine,Negative,740.547662,3.06,796.19,1182.36,1527.08,803.04,2142.15,3.86,456.27,1103.28,772.65,960.79,26.6,50.11,-35.38
C2VV_T9_Blue2_20241220_1215_0_merged_002_107.4s-130.3s.mp4__Negative_call001.wav,Whine,Negative,740.574404,3.85,550.05,648.78,1500.75,524.59,2920.27,4.08,573.68,938.32,642.11,2823.57,26.37,54.56,-61.45
C2VV_T8_Green-line_20241205_1001_0_period_019_2242.2s-3403.6s.mp4__Negative_call032.wav,Whine,Negative,741.941067,5.5,1026.48,1062.27,1099.87,1052.82,2289.74,3.1,530.9,989.6,690.37,966.94,25.53,46.24,-36.48
C2VV_T10_Blue_20250123_1216_0_merged_004_408.7s-969.0s.mp4__Negative_call022.wav,Alarm,Negative,745.174911,1.04,1181.15,1307.9,2234.58,1262.77,2599.9,5.04,951.89,1366.09,915.99,7841.53,15.84,60.5,-101.38
C2VV_T9_Blue2_20241218_1231_0_merged_001_78.5s-255.7s.mp4__Negative_call002.wav,Whine,Negative,746.026483,1.3,946.44,981.78,1007.13,991.76,5554.88,4.7,692.34,1018.01,709.62,3378.08,18.05,60.3,1.14
C2VV_T10_Blue_20250118_1154_0_period_002_1465.1s-1576.1s.mp4__Negative_call001.wav,Whine,Negative,748.164191,3.12,1018.55,1056.96,1065.92,1061.12,3719.51,3.68,911.78,1208.97,900.58,3341.85,26.89,60.18,-47.88
C2VV_T7_Green-Blue_20241122_1023_0_period_021_753.6s-768.0s.mp4__Negative_call001.wav,Alarm,Negative,748.580059,1.0,678.68,707.62,977.09,697.64,1645.68,3.98,346.12,393.68,85.27,1072.71,26.95,51.4,-47.95
C2VV_T8_Pink-Green2_20241129_1216_0_merged_006_1329.1s-1416.3s.mp4__Ambiguous_call001.wav,Whine,Ambiguous,749.43901,1.99,961.94,974.49,992.06,972.98,3226.6,3.3,525.82,853.99,522.12,1731.2,28.37,50.21,-32.64
C2VV_T11_Natural_20250206_1246_0_period_001_111.7s-165.1s.mp4__Negative_call001.wav,Whine,Negative,751.152268,2.15,864.84,890.87,899.7,890.4,3678.86,3.48,766.1,989.98,668.63,4228.24,26.26,56.0,-37.74
C2VV_T7_Blue-Pink_20241121_1300_0_period_017_2934.3s-2966.4s.mp4__Negative_call003.wav,Whine,Negative,753.266783,2.03,832.47,1239.11,1533.51,810.81,1844.92,3.94,435.15,744.92,432.57,1160.1,27.32,54.15,-42.82
C2VV_T7_Blue-Pink_20241120_1318_0_period_003_551.7s-570.4s.mp4__Negative_call001.wav,Whine,Negative,753.532086,1.01,444.76,884.58,894.48,884.58,2409.51,4.08,485.79,924.39,616.0,2709.74,17.83,58.44,-7.67
C2VV_T7_Green-Blue_20241122_1023_0_merged_008_778.9s-863.5s.mp4__Negative_call001.wav,Alarm,Negative,754.943456,2.31,889.48,995.73,1192.18,831.36,2070.5,4.59,454.82,948.74,639.98,3182.18,20.6,57.9,-69.82
C2VV_T7_Orange-Pink_20241119_1017_0_period_001_1666.8s-1710.6s.mp4__Negative_call001.wav,Whine,Negative,756.780736,1.63,312.41,641.39,851.91,233.23,2406.88,4.79,566.33,1013.86,706.1,3640.44,7.37,68.44,-22.59
C2VV_T8_Pink-Green2_20241201_1246_0_period_012_3369.7s-3428.8s.mp4__Ambiguous_call001.wav,Whine,Ambiguous,756.962833,1.24,800.51,821.45,847.23,821.45,4748.74,3.7,766.18,947.45,577.42,3171.15,29.8,54.36,-31.16
C2VV_T11_Green_20250130_1339_0_merged_004_318.0s-347.7s.mp4__Negative_call001.wav,Whine,Negative,757.625431,2.17,940.5,958.44,965.33,965.33,3231.85,2.9,853.72,1006.12,689.11,2797.0,28.74,55.42,-34.27
C2VV_T9_Blue2_20241216_1111_0_period_003_125.6s-665.9s.mp4__Negative_call016.wav,Whine,Negative,758.550011,11.6,617.31,858.79,1247.89,617.22,2632.46,3.95,558.97,1302.52,990.1,2817.62,27.49,57.87,-33.46
C2VV_T8_Green-line_20241206_1019_0_period_031_2496.5s-2639.6s.mp4__Negative_call036.wav,Alarm,Negative,758.553319,2.05,770.04,982.94,1079.14,1063.51,2088.0,4.52,473.53,1171.96,865.73,5273.74,17.33,59.57,-89.33
C2VV_T10_Blue_20250124_1228_0_period_011_3236.0s-3260.2s.mp4__Negative_call001.wav,Whine,Negative,758.957689,1.88,978.73,987.79,993.65,988.32,4042.57,2.8,791.99,1057.93,747.75,2269.5,27.97,46.89,-21.59
C2VV_T11_Pink_20250207_1018_0_merged_012_1960.2s-3677.2s.mp4__Negative_call005.wav,Whine,Negative,760.271682,3.09,669.29,687.75,810.21,688.4,2574.74,3.02,560.36,849.27,524.53,1585.84,25.11,45.35,-74.25
C2VV_T11_Green_20250130_1339_0_merged_012_3398.6s-3621.0s.mp4__Negative_call003.wav,Whine,Negative,761.902394,3.98,859.67,916.96,970.49,915.21,3263.6,3.35,887.33,1044.69,682.85,3433.32,28.4,55.03,-33.86
C2VV_T7_Orange-Pink_20241119_1017_0_merged_010_1300.5s-1319.9s.mp4__Negative_call001.wav,Whine,Negative,763.685898,1.9,632.91,672.33,705.97,684.42,1990.0,3.77,606.2,776.88,496.74,2817.02,21.82,56.77,-24.4
C2VV_T10_Blue_20250124_1228_0_period_007_2532.6s-2617.4s.mp4__Negative_call001.wav,Whine,Negative,764.038596,2.34,970.11,988.89,1051.63,985.9,4258.56,3.6,947.45,1241.05,873.36,4034.83,27.53,60.39,-16.87
C2VV_T7_Blue-Pink_20241121_1300_0_period_002_1637.6s-1690.4s.mp4__Negative_call003.wav,Whine,Negative,766.120974,6.03,1219.46,1269.74,1638.5,1239.54,2348.0,5.02,578.36,1493.92,1185.93,2725.64,24.98,59.25,-60.02
C2VV_T7_Blue-Pink_20241117_1206_0_period_015_3197.7s-3264.0s.mp4__Negative_call001.wav,Whine,Negative,769.294446,2.18,734.66,747.53,768.66,747.53,2355.69,3.06,447.77,972.78,628.71,1648.08,23.66,50.54,-48.42
C2VV_T11_Natural_20250205_1133_0_period_003_225.3s-278.1s.mp4__Negative_call001.wav,Whine,Negative,769.650509,1.34,769.35,903.4,1046.4,767.86,4373.69,4.09,833.48,1308.93,986.8,5081.57,22.72,55.86,-37.07
C2VV_T7_Blue-Pink_20241119_1318_0_merged_030_3299.5s-3417.3s.mp4__Negative_call011.wav,Whine,Negative,769.728897,6.38,1181.05,1407.23,1498.61,1447.36,2182.49,4.47,572.71,1531.81,1223.42,4779.42,24.14,63.17,-36.07
C2VV_T7_Blue-Pink_20241119_1318_0_merged_021_2871.8s-2926.8s.mp4__Negative_call001.wav,Whine,Negative,769.829483,3.85,1116.29,1437.86,1496.52,1455.51,2182.45,3.68,429.29,810.0,476.94,585.51,30.24,49.31,-36.27
C2VV_T8_Green-line_20241205_1001_0_period_019_2242.2s-3403.6s.mp4__Negative_call035.wav,Whine,Negative,771.42253,4.95,648.96,1050.06,1216.85,649.16,2395.41,3.57,493.86,919.97,641.02,1587.17,25.88,50.54,-25.81
C2VV_T8_Pink-Green2_20241130_1204_0_merged_003_2044.2s-2061.0s.mp4__Negative_call001.wav,Whine,Negative,773.19758,3.08,477.28,840.85,947.42,477.28,3258.75,3.62,475.97,754.76,437.62,2141.98,28.43,55.72,-22.56
C2VV_T11_Green_20250130_1339_0_merged_012_3398.6s-3621.0s.mp4__Negative_call002.wav,Whine,Negative,773.824902,2.31,989.21,997.02,1007.43,995.72,3562.95,3.07,950.84,1114.56,804.59,2769.41,22.77,51.39,-45.72
C2VV_T10_Pink_20250119_1125_0_period_002_908.3s-950.8s.mp4__Negative_call001.wav,Whine,Negative,774.770458,2.98,817.78,837.92,858.74,856.72,3684.27,3.0,763.81,1124.7,769.28,3163.42,27.53,52.87,-49.56
C2VV_T9_Natural2_20241219_1343_0_merged_003_673.4s-719.6s.mp4__Negative_call001.wav,Whine,Negative,775.229444,1.66,818.66,841.54,863.81,844.55,3500.12,3.05,870.12,975.63,215.62,2285.92,27.99,49.36,-40.69
C2VV_T10_Green_20250124_1329_0_merged_009_1272.7s-1343.5s.mp4__Negative_call003.wav,Whine,Negative,775.877571,1.0,526.8,709.04,869.37,753.85,4893.98,5.26,525.94,859.55,548.75,6885.51,15.93,62.74,-9.0
C2VV_T7_Green-Blue_20241122_1023_0_period_031_3484.5s-3543.3s.mp4__Negative_call001.wav,Whine,Negative,778.096549,2.08,475.92,892.65,957.14,455.71,1811.62,3.73,469.92,544.98,225.83,912.35,27.67,51.73,-28.15
C2VV_T8_Pink-Green2_20241205_1105_0_merged_002_2124.4s-3632.1s.mp4__Negative_call046.wav,Whine,Negative,778.802703,5.65,582.87,1027.77,1170.34,574.2,2938.69,3.64,564.9,823.37,510.21,1114.68,25.38,45.2,-42.22
C2VV_T9_Pink2_20241214_1145_0_period_001_430.6s-509.0s.mp4__Negative_call001.wav,Whine,Negative,778.915477,2.83,614.54,625.51,1191.93,614.89,2848.07,3.03,634.39,865.18,291.26,1347.68,27.77,46.35,-31.35
C2VV_T7_Orange-Pink_20241118_1021_0_merged_056_3800.0s-3831.2s.mp4__Negative_call001.wav,Whine,Negative,780.441234,1.99,504.01,630.39,851.06,238.72,2163.05,4.64,550.69,936.75,628.36,3675.87,14.04,63.94,-20.26
C2VV_T7_Green-Blue_20241120_1207_0_merged_025_1437.7s-1641.6s.mp4__Negative_call001.wav,Whine,Negative,782.823536,3.2,517.13,911.07,994.86,480.23,1968.5,3.93,474.18,584.04,274.7,1198.85,30.17,54.25,-11.95
C2VV_T8_Pink-Green2_20241130_1204_0_merged_016_2848.5s-2944.2s.mp4__Negative_call001.wav,Whine,Negative,783.564335,3.01,892.28,1041.0,1063.57,1063.9,3742.47,3.38,599.67,1120.41,783.26,2130.43,25.89,51.62,-36.75
C2VV_T8_Green-line_20241206_1019_0_merged_002_116.5s-320.7s.mp4__Negative_call009.wav,Whine,Negative,784.271047,3.5,1006.3,1112.14,1175.93,1225.7,2070.98,3.42,583.94,1179.82,779.12,1482.39,25.03,49.49,-74.93
C2VV_T10_White_20250119_1017_0_period_004_555.6s-582.1s.mp4__Negative_call001.wav,Whine,Negative,788.621822,1.94,645.77,655.56,700.4,648.35,3117.96,2.92,691.54,903.12,575.96,2789.88,30.15,50.25,-36.27
C2VV_T9_Blue2_20241220_1215_0_merged_010_2228.5s-2467.0s.mp4__Negative_call016.wav,Whine,Negative,788.867658,12.57,885.32,1225.72,1315.22,1292.15,2150.18,4.41,426.85,845.94,546.28,1483.28,29.87,56.96,-22.02
C2VV_T8_Green-line_20241202_1032_0_merged_008_892.1s-1219.5s.mp4__Negative_call009.wav,Whine,Negative,789.268018,6.17,1005.23,1112.13,1193.12,1005.23,2410.69,3.49,520.43,1263.65,977.6,1880.73,24.94,51.67,-53.61
C2VV_T7_Green-Blue_20241122_1023_0_period_027_2870.1s-3041.2s.mp4__Negative_call010.wav,Whine,Negative,789.342283,7.1,805.99,972.01,1071.23,971.31,1949.57,4.17,496.22,1106.59,797.98,2093.62,25.09,60.04,-20.46
C2VV_T6_Black_20241105_1107_0_merged_002_2161.4s-2191.3s.mp4__Negative_call001.wav,Whine,Negative,789.553197,2.63,760.19,1209.4,1432.29,1445.58,2124.76,4.37,463.52,1176.58,863.19,2289.38,24.68,63.79,-74.98
C2VV_T10_Blue_20250122_1110_0_merged_003_315.7s-468.7s.mp4__Ambiguous_call001.wav,Whine,Ambiguous,790.079499,2.01,1048.13,1110.37,1132.28,1132.28,3677.26,3.2,868.51,1167.61,861.34,2398.05,25.15,51.29,-35.56
C2VV_T7_Blue-Pink_20241119_1318_0_period_012_1561.9s-1616.8s.mp4__Negative_call001.wav,Whine,Negative,791.510287,5.92,772.14,1386.41,1481.14,772.65,1933.48,3.6,410.86,772.62,461.43,1042.6,28.7,50.23,-39.29
C2VV_T10_Blue_20250119_1234_0_period_002_1065.9s-1296.8s.mp4__Negative_call003.wav,Whine,Negative,792.426538,4.02,822.08,891.55,987.89,884.33,2730.52,3.02,905.2,1124.37,813.52,3427.4,30.5,58.63,-22.26
C2VV_T10_Blue_20250122_1110_0_period_002_220.3s-292.8s.mp4__Negative_call002.wav,Whine,Negative,796.393112,2.68,642.33,653.53,676.69,642.33,2309.64,3.14,481.8,943.1,652.47,3297.47,26.7,52.84,-48.85
C2VV_T9_Blue2_20241220_1215_0_period_001_247.3s-341.6s.mp4__Negative_call001.wav,Whine,Negative,797.145763,5.08,677.69,765.45,994.5,677.89,2814.18,3.04,774.01,1189.01,873.59,2789.91,30.7,49.88,-31.88
C2VV_T10_Blue_20250118_1154_0_period_001_194.1s-230.2s.mp4__Negative_call001.wav,Whine,Negative,799.274111,6.72,609.84,643.63,879.56,615.35,1848.93,3.69,594.36,1024.88,748.41,3972.72,26.05,57.68,-44.34
C2VV_T10_Green_20250123_1012_0_period_013_1299.2s-1346.7s.mp4__Negative_call001.wav,Whine,Negative,801.478297,2.62,722.86,780.84,846.84,775.5,2972.09,4.21,661.81,865.86,558.65,4207.75,27.85,65.99,-26.38
C2VV_T8_Pink-Green2_20241130_1204_0_merged_008_1709.0s-1778.0s.mp4__Negative_call001.wav,Whine,Negative,801.838673,2.86,562.21,1081.81,1109.75,1109.4,2742.57,2.95,518.7,713.69,378.1,1264.54,26.02,44.35,-30.82
C2VV_T9_Green2_20241216_1336_0_period_007_453.7s-542.3s.mp4__Negative_call002.wav,Whine,Negative,802.112588,1.51,758.98,830.64,872.43,872.43,4439.13,3.36,756.71,970.42,594.32,4088.2,26.54,61.37,-13.17
C2VV_T7_Blue-Pink_20241122_1124_0_merged_009_1838.2s-2085.7s.mp4__Negative_call004.wav,Whine,Negative,802.49744,3.91,1192.81,1421.99,1575.9,1224.56,2354.99,4.69,431.11,1477.25,1170.86,2348.99,24.07,59.15,-49.34
C2VV_T8_Pink-Green2_20241206_1132_0_merged_004_2504.3s-2851.1s.mp4__Negative_call002.wav,Whine,Negative,804.467649,6.66,540.17,999.67,1027.61,1025.51,2843.75,3.23,544.81,874.36,529.09,880.81,30.42,44.84,-15.14
C2VV_T10_Green_20250122_1324_0_merged_001_602.0s-607.7s.mp4__Negative_call001.wav,Whine,Negative,804.492179,3.52,490.47,493.88,611.95,491.61,2356.79,3.37,556.09,1287.79,964.28,3813.71,26.74,62.3,-49.22
C2VV_T8_Green-line_20241205_1001_0_period_018_2100.6s-2158.6s.mp4__Negative_call001.wav,Whine,Negative,805.938664,3.34,582.52,936.1,1114.4,582.82,2748.09,3.16,529.77,879.29,570.9,852.65,22.32,48.09,-53.46
C2VV_T6_Pink_20241107_1320_0_merged_001_276.1s-365.0s.mp4__Negative_call002.wav,Whine,Negative,806.067868,1.36,569.43,609.06,849.74,575.3,1823.12,4.11,531.59,775.67,467.28,4845.18,20.91,55.77,-37.81
C2VV_T6_Natural_20241106_1107_0_merged_023_2652.5s-2699.5s.mp4__Negative_call005.wav,Whine,Negative,806.130989,3.7,703.68,1079.85,1312.52,693.15,2389.4,4.94,487.56,1235.03,938.32,3891.78,20.94,63.64,-59.91
C2VV_T11_Natural_20250130_1122_0_period_003_286.0s-1443.3s.mp4__Ambiguous_call002.wav,Whine,Ambiguous,806.97807,2.04,1187.42,1263.94,1320.34,1186.93,5013.57,4.05,1168.93,1455.35,1127.99,3867.5,22.81,56.89,-5.84
C2VV_T9_Green2_20241216_1336_0_period_011_930.1s-967.3s.mp4__Negative_call001.wav,Whine,Negative,807.95629,1.64,773.57,814.47,853.55,824.85,4216.58,3.57,755.84,905.51,524.52,3526.49,27.78,60.14,-22.5
C2VV_T7_Orange-Pink_20241115_0903_0_merged_014_1800.9s-1839.3s.mp4__Negative_call001.wav,Whine,Negative,808.094571,2.41,639.22,1148.35,1249.35,1251.01,2018.26,4.61,591.53,751.85,467.29,3454.2,22.65,60.47,-60.41
C2VV_T8_Green-line_20241205_1001_0_period_021_3535.8s-3809.0s.mp4__Negative_call002.wav,Whine,Negative,810.568576,3.81,630.09,636.39,649.78,636.66,2494.45,2.24,658.5,936.23,355.21,1274.07,28.09,44.89,-35.49
C2VV_T9_Green2_20241220_1010_0_period_001_158.4s-208.2s.mp4__Negative_call001.wav,Whine,Negative,812.549118,6.24,608.33,649.52,668.28,609.13,2367.73,2.77,657.15,1116.77,833.09,2046.24,28.45,49.69,-57.3
C2VV_T10_Green_20250124_1329_0_merged_005_273.8s-684.2s.mp4__Negative_call001.wav,Whine,Negative,814.195132,2.34,786.59,862.13,901.82,916.33,2832.89,3.23,770.19,982.37,604.29,4182.55,30.73,59.32,-14.4
C2VV_T9_Blue2_20241218_1231_0_period_003_287.1s-794.5s.mp4__Negative_call004.wav,Whine,Negative,814.82895,0.86,966.8,1024.09,1056.82,1056.82,4837.98,3.58,556.68,1037.33,743.47,3066.54,26.89,56.7,-7.41
C2VV_T7_Blue-Pink_20241117_1206_0_period_017_3622.9s-3724.2s.mp4__Negative_call001.wav,Whine,Negative,815.154681,1.0,332.6,573.59,961.96,219.08,2791.46,4.63,503.12,999.72,703.18,7008.22,8.96,65.72,-6.72
C2VV_T7_Orange-Pink_20241118_1021_0_merged_056_3800.0s-3831.2s.mp4__Negative_call002.wav,Whine,Negative,818.367257,1.06,349.37,572.9,920.39,373.79,2423.4,5.1,537.84,848.01,509.81,2814.96,3.76,67.62,-17.79
C2VV_T9_Green2_20241216_1336_0_period_008_571.8s-617.7s.mp4__Negative_call002.wav,Whine,Negative,820.077717,2.39,825.61,896.71,946.07,993.33,4606.09,3.99,872.94,1030.17,447.09,3955.18,27.81,61.48,-25.13
C2VV_T9_Blue2_20241220_1215_0_period_051_771.8s-790.3s.mp4__Negative_call001.wav,Whine,Negative,822.121428,3.49,675.68,710.33,836.65,678.83,3289.18,3.33,704.79,1138.32,805.42,2317.41,28.79,55.28,-27.85
C2VV_T8_Pink-Green2_20241206_1132_0_merged_004_2504.3s-2851.1s.mp4__Negative_call001.wav,Whine,Negative,823.472668,3.82,598.77,606.88,888.87,599.82,2825.73,3.48,647.74,1046.79,736.23,3132.84,27.2,52.58,-39.9
C2VV_T7_Green-Blue_20241120_1207_0_merged_039_2847.8s-2869.8s.mp4__Negative_call001.wav,Whine,Negative,824.349779,1.39,392.97,590.53,722.72,611.36,2390.01,4.83,538.63,841.71,567.89,4548.6,9.7,63.22,-16.81
C2VV_T9_Green2_20241219_1241_0_merged_002_75.6s-192.8s.mp4__Negative_call003.wav,Whine,Negative,824.584731,3.12,878.02,1006.7,1061.12,1067.2,2750.59,2.8,899.45,1092.77,464.47,3289.35,31.85,57.62,-40.95
C2VV_T6_Green_20241107_1210_0_merged_016_1384.6s-1462.6s.mp4__Negative_call004.wav,Whine,Negative,824.994627,1.49,1064.08,1124.58,1172.31,556.58,2649.72,4.29,544.2,586.49,274.11,846.26,22.18,54.11,-75.45
C2VV_T9_Natural2_20241219_1343_0_merged_007_1751.4s-2006.0s.mp4__Negative_call004.wav,Whine,Negative,825.983291,5.68,615.64,632.7,927.41,629.18,2334.22,2.85,557.53,869.47,595.41,1899.79,27.54,45.57,-45.23
C2VV_T6_Green_20241107_1210_0_merged_008_757.1s-808.4s.mp4__Negative_call001.wav,Cluck,Negative,828.218758,0.41,377.15,843.75,872.76,846.17,2861.74,4.86,397.82,472.4,162.99,1619.09,13.3,66.48,-33.19
C2VV_T9_Green2_20241220_1010_0_merged_020_1329.6s-1525.4s.mp4__Negative_call004.wav,Whine,Negative,828.546977,1.64,804.2,848.81,893.42,909.91,4119.8,3.61,776.93,1029.41,598.01,3388.06,27.5,57.44,-26.36
C2VV_T7_Blue-Pink_20241119_1318_0_merged_022_3032.2s-3116.7s.mp4__Ambiguous_call001.wav,Cluck,Ambiguous,830.55594,0.48,320.58,570.85,723.9,215.1,3419.73,5.11,340.06,391.48,81.56,1583.43,6.2,58.95,-26.46
C2VV_T8_Green-line_20241206_1019_0_period_031_2496.5s-2639.6s.mp4__Negative_call001.wav,Alarm,Negative,831.028869,3.05,1044.38,1047.66,1051.92,1046.35,2219.03,3.85,535.31,835.61,525.34,2992.92,11.48,62.3,-163.64
C2VV_T9_Blue2_20241216_1111_0_merged_005_875.1s-1143.3s.mp4__Negative_call002.wav,Whine,Negative,832.529069,2.16,809.88,865.98,916.97,914.19,3533.72,3.22,855.98,1131.24,789.07,4569.6,31.76,56.56,-45.48
C2VV_T9_Natural2_20241219_1343_0_merged_004_443.4s-511.2s.mp4__Negative_call001.wav,Whine,Negative,832.998927,2.98,803.61,818.4,872.52,804.62,3347.36,3.01,822.44,1338.43,1000.54,3320.33,29.91,52.6,-37.79
C2VV_T6_Natural_20241108_1122_0_merged_006_560.4s-611.2s.mp4__Negative_call001.wav,Cluck,Negative,834.65908,0.25,313.47,527.74,769.79,234.11,2363.68,5.12,453.3,762.73,445.08,4150.69,3.97,53.57,-34.48
C2VV_T11_Natural_20250205_1133_0_period_004_293.9s-555.8s.mp4__Ambiguous_call001.wav,Whine,Ambiguous,835.61283,2.42,996.92,1008.51,1041.19,1004.37,3666.95,3.11,889.73,1202.58,887.45,3549.31,29.16,57.09,-38.0
C2VV_T8_Pink-Green2_20241129_1216_0_period_011_1607.3s-1639.7s.mp4__Negative_call001.wav,Whine,Negative,836.264016,2.19,547.45,996.73,1041.93,1042.39,3230.22,3.57,550.74,842.68,533.67,2735.98,27.17,46.34,-20.45
C2VV_T11_Blue_20250201_1258_0_period_003_154.7s-224.9s.mp4__Ambiguous_call001.wav,Whine,Ambiguous,838.325456,0.93,844.27,852.88,867.93,848.57,4847.98,3.52,779.69,1021.42,610.17,3410.57,26.89,57.0,-16.21
C2VV_T7_Blue-Pink_20241119_1318_0_merged_008_1646.7s-1864.8s.mp4__Negative_call004.wav,Whine,Negative,838.688399,3.05,1250.29,1467.69,1719.52,1295.54,2409.95,4.73,408.54,490.6,143.31,846.41,26.07,54.27,-60.87
C2VV_T10_Blue_20250120_1253_0_period_001_108.5s-164.2s.mp4__Negative_call001.wav,Whine,Negative,839.115515,9.22,686.53,754.64,1033.59,752.69,1851.37,4.08,477.54,1176.41,898.01,4102.78,27.17,62.63,-18.63
C2VV_T8_Pink-line_20241206_1346_0_merged_015_1859.2s-2694.1s.mp4__Negative_call001.wav,Whine,Negative,841.208038,1.79,821.76,862.09,901.3,862.09,4814.74,4.11,768.06,1017.56,677.11,5161.16,23.25,66.66,-42.79
C2VV_T8_Pink-line_20241206_1346_0_merged_017_2984.5s-3844.7s.mp4__Negative_call003.wav,Whine,Negative,841.721882,2.42,870.34,915.85,964.66,965.07,5518.37,4.04,709.86,1028.66,621.94,3172.96,24.82,56.46,-43.53
C2VV_T9_Green2_20241214_1038_0_period_006_509.9s-527.8s.mp4__Negative_call001.wav,Whine,Negative,844.736296,1.08,649.68,660.81,752.7,658.96,4400.09,3.59,607.56,775.83,459.0,2702.77,27.38,63.11,-44.18
C2VV_T7_Green-Blue_20241117_1525_0_merged_014_844.7s-906.7s.mp4__Negative_call001.wav,Whine,Negative,844.955116,2.12,636.82,666.54,678.8,670.31,2029.37,3.94,460.23,768.05,490.06,2520.18,23.11,56.61,-11.16
C2VV_T7_Pink-Green_20241114_1122_0_merged_001_546.4s-728.7s.mp4__Negative_call001.wav,Whine,Negative,845.252395,1.52,433.48,1026.98,1194.21,1244.05,2245.17,4.67,815.23,1342.97,1045.31,5982.48,16.4,64.92,-9.39
C2VV_T9_Natural2_20241218_1332_0_period_014_3262.4s-3422.9s.mp4__Negative_call001.wav,Alarm,Negative,847.18276,0.37,693.68,779.72,822.74,766.28,4806.48,4.66,701.04,868.04,368.18,2857.72,9.41,57.81,-101.22
C2VV_T7_Blue-Pink_20241119_1318_0_merged_006_1355.9s-1491.3s.mp4__Negative_call002.wav,Whine,Negative,847.524066,4.46,772.59,1156.19,1438.29,771.92,2024.06,3.66,407.38,782.65,465.29,914.81,25.43,49.3,-69.8
C2VV_T11_Green_20250130_1339_0_merged_006_2220.4s-2461.5s.mp4__Negative_call004.wav,Whine,Negative,849.394731,3.16,969.55,1004.03,1013.52,1006.88,4386.11,4.39,824.74,1096.83,735.22,4142.54,25.62,61.37,-69.19
C2VV_T7_Pink-Green_20241115_0959_0_period_001_511.4s-533.6s.mp4__Negative_call001.wav,Cluck,Negative,849.913754,0.58,430.67,678.01,890.75,894.21,2163.94,4.96,600.48,923.5,583.06,3279.77,3.46,64.86,-11.07
C2VV_T7_Green-Blue_20241121_1150_0_merged_011_2346.8s-2635.5s.mp4__Negative_call009.wav,Whine,Negative,851.988266,3.47,546.12,646.07,823.5,677.46,2043.35,4.41,507.67,971.44,685.0,4709.6,18.0,63.66,-25.89
C2VV_T7_Blue-Pink_20241122_1124_0_period_025_2552.4s-2622.1s.mp4__Negative_call001.wav,Whine,Negative,852.770013,2.42,1126.82,1193.84,1492.92,1166.54,2247.47,4.46,433.92,762.07,459.11,1344.41,22.34,51.29,-65.45
C2VV_T6_Green_20241107_1210_0_merged_003_452.3s-470.4s.mp4__Negative_call001.wav,Whine,Negative,853.241266,1.77,594.19,616.74,638.17,594.19,2113.05,3.39,559.0,717.08,409.39,2022.46,21.14,50.46,-29.23
C2VV_T9_Natural2_20241219_1343_0_merged_002_131.6s-385.0s.mp4__Negative_call003.wav,Whine,Negative,853.382824,4.5,753.54,837.98,874.42,769.31,2658.54,3.15,829.83,1165.08,814.12,2779.07,26.0,53.11,-52.6
C2VV_T7_Blue-Pink_20241122_1124_0_merged_003_842.7s-966.3s.mp4__Negative_call001.wav,Whine,Negative,854.959988,2.27,781.08,1201.59,1528.21,753.75,1986.06,3.35,522.64,854.29,512.64,920.34,24.68,45.62,-39.1
C2VV_T10_Blue_20250118_1154_0_period_004_3416.0s-3695.2s.mp4__Negative_call001.wav,Whine,Negative,855.878854,3.31,1021.45,1054.68,1108.16,1054.98,3848.83,3.4,908.87,1227.32,917.06,3376.94,28.4,60.12,-35.51
C2VV_T9_Natural2_20241219_1343_0_merged_008_2019.7s-2499.0s.mp4__Negative_call004.wav,Whine,Negative,856.36439,5.65,640.19,643.9,655.4,642.84,2361.9,2.74,595.53,940.82,667.22,1955.87,25.21,46.17,-45.39
C2VV_T9_Green2_20241218_1031_0_period_010_1211.5s-1288.3s.mp4__Negative_call002.wav,Whine,Negative,857.412636,3.76,792.01,900.09,963.99,963.72,3293.35,3.12,843.93,1045.76,709.91,3145.83,31.01,55.37,-24.31
C2VV_T9_Blue2_20241216_1111_0_period_003_125.6s-665.9s.mp4__Negative_call004.wav,Whine,Negative,858.121848,4.09,473.23,551.21,1378.14,467.61,2665.98,3.33,551.26,959.59,566.74,1970.23,30.43,52.8,-28.69
C2VV_T6_Green_20241108_1337_0_period_012_1034.7s-1046.4s.mp4__Negative_call001.wav,Whine,Negative,859.254508,3.02,610.26,1135.74,1195.68,611.58,2201.03,3.55,574.15,701.06,404.37,1042.29,26.66,53.14,-13.45
C2VV_T11_Green_20250130_1339_0_period_007_2160.0s-2199.0s.mp4__Negative_call001.wav,Whine,Negative,859.79267,2.32,938.31,984.83,1008.53,1004.22,4229.27,3.58,886.09,1068.66,748.04,2902.67,25.85,59.88,-16.6
C2VV_T8_Pink-Green2_20241205_1105_0_merged_004_1809.3s-2172.4s.mp4__Negative_call006.wav,Whine,Negative,860.266389,7.62,615.15,1048.77,1133.37,1076.97,2706.88,3.83,564.68,1270.3,957.34,1644.91,26.1,51.35,-31.22
C2VV_T9_Blue2_20241215_1039_0_period_004_1027.4s-1217.7s.mp4__Negative_call001.wav,Whine,Negative,860.443077,3.2,687.21,820.09,1204.96,679.08,2638.12,3.87,751.21,1068.01,704.33,3750.79,26.42,63.0,-27.43
C2VV_T7_Orange-Pink_20241118_1021_0_period_001_591.8s-657.5s.mp4__Negative_call001.wav,Whine,Negative,860.766476,1.82,584.4,660.67,918.58,576.72,1884.57,4.36,602.79,838.48,508.17,3775.94,20.03,63.1,-30.01
C2VV_T10_Blue_20250118_1154_0_period_003_1590.6s-1695.9s.mp4__Negative_call001.wav,Whine,Negative,860.865152,0.3,413.37,598.22,883.88,557.89,5813.32,5.52,484.31,577.57,148.95,2282.21,0.0,72.26,-14.48
C2VV_T7_Orange-Pink_20241119_1017_0_merged_005_569.6s-598.9s.mp4__Negative_call001.wav,Whine,Negative,862.988608,1.69,621.4,737.99,809.01,616.08,1927.01,3.85,608.46,898.39,574.53,3502.16,20.71,59.77,-17.39
C2VV_T9_Natural2_20241219_1343_0_merged_007_684.3s-876.7s.mp4__Negative_call010.wav,Whine,Negative,863.442993,1.26,922.89,948.98,982.2,940.28,3348.69,3.35,1016.43,1395.87,1087.34,3898.75,24.52,64.06,-45.34
C2VV_T8_Green-line_20241205_1001_0_period_018_2100.6s-2158.6s.mp4__Negative_call002.wav,Whine,Negative,864.817594,4.89,635.49,646.94,985.95,645.51,2603.18,3.13,488.04,846.11,575.24,1370.88,24.33,46.21,-64.14
C2VV_T6_Natural_20241106_1107_0_merged_007_943.4s-997.1s.mp4__Negative_call001.wav,Whine,Negative,865.092485,1.99,1145.96,1178.55,1219.15,1197.09,2353.56,4.62,699.12,1283.63,972.32,5160.43,19.8,61.41,-94.33
C2VV_T10_Green_20250124_1329_0_merged_003_152.4s-192.4s.mp4__Negative_call001.wav,Whine,Negative,867.808894,3.77,806.8,831.72,938.83,806.27,2933.81,3.4,776.24,1131.92,812.74,4551.5,28.5,60.05,-36.34
C2VV_T7_Green-Blue_20241116_1322_0_merged_003_1055.2s-1303.1s.mp4__Negative_call005.wav,Whine,Negative,869.607532,7.93,522.5,571.54,860.08,563.34,2014.46,4.16,521.08,635.68,323.22,1991.11,21.3,59.5,-12.09
C2VV_T6_Natural_20241106_1107_0_period_084_1376.5s-1387.0s.mp4__Negative_call001.wav,Whine,Negative,869.619003,2.63,685.58,1189.79,1311.46,699.65,2245.86,4.58,504.24,742.43,465.76,2825.33,24.72,60.46,-51.59
C2VV_T6_Pink_20241103_1134_0_merged_006_1145.9s-1180.3s.mp4__Negative_call001.wav,Whine,Negative,871.01942,2.54,772.9,856.77,887.87,905.99,2074.87,3.9,636.55,944.23,663.78,4355.76,20.47,59.85,-15.81
C2VV_T9_Blue2_20241216_1111_0_merged_003_697.2s-786.9s.mp4__Negative_call003.wav,Whine,Negative,871.389635,3.15,615.04,907.64,1232.3,616.63,2404.29,3.48,650.71,1021.55,634.47,2569.22,26.66,53.63,-27.16
C2VV_T7_Green-Blue_20241117_1525_0_period_009_1839.2s-1982.6s.mp4__Negative_call001.wav,Whine,Negative,871.888828,2.49,619.63,642.91,1076.32,647.72,2120.55,3.84,530.83,668.33,396.94,2743.5,21.47,57.19,-19.47
C2VV_T6_Green_20241105_0957_0_merged_016_1313.3s-1337.1s.mp4__Negative_call001.wav,Whine,Negative,873.864357,2.15,653.95,697.58,738.88,696.18,2051.72,3.53,589.52,748.69,440.06,1745.4,27.62,62.19,-18.57
C2VV_T8_Green-line_20241128_1016_0_merged_002_528.5s-710.1s.mp4__Negative_call006.wav,Whine,Negative,874.853599,1.15,890.78,898.58,922.87,894.25,5216.77,4.61,817.22,1084.61,782.43,3069.6,17.78,58.55,-46.5
C2VV_T7_Green-Blue_20241121_1150_0_merged_002_429.5s-728.3s.mp4__Negative_call026.wav,Alarm,Negative,877.941371,2.23,766.94,856.94,917.83,901.71,1733.96,4.18,496.71,1130.77,822.38,4385.01,19.7,59.32,-39.92
C2VV_T7_Green-Blue_20241121_1150_0_period_001_341.8s-376.9s.mp4__Negative_call001.wav,Whine,Negative,878.320762,4.21,596.28,1080.29,1160.99,1183.78,1812.74,3.67,574.93,860.67,551.7,1961.29,29.2,57.8,-21.14
C2VV_T9_Blue2_20241218_1231_0_period_003_287.1s-794.5s.mp4__Negative_call001.wav,Whine,Negative,878.514689,2.75,1314.24,1414.53,1463.94,1463.94,2710.04,3.98,508.39,912.21,585.11,2669.07,29.25,59.95,-27.54
C2VV_T10_Green_20250123_1012_0_period_019_1927.0s-1997.3s.mp4__Negative_call001.wav,Cluck,Negative,879.588195,0.53,431.96,843.18,869.59,845.07,5187.46,5.07,433.24,498.83,86.32,1316.36,18.86,56.59,-6.47
C2VV_T8_Green-line_20241128_1016_0_merged_003_741.4s-834.1s.mp4__Negative_call003.wav,Whine,Negative,881.100849,3.12,786.4,818.11,835.41,831.88,2275.73,2.36,807.69,1166.54,588.38,2356.67,31.23,43.72,-24.01
C2VV_T11_Blue_20250131_1224_0_period_005_1160.9s-1198.1s.mp4__Negative_call001.wav,Whine,Negative,882.252001,1.61,817.44,827.34,831.06,826.72,3839.21,2.56,771.49,903.13,522.75,1706.06,26.01,39.94,-18.12
C2VV_T6_Natural_20241107_1007_0_merged_005_527.8s-550.8s.mp4__Negative_call001.wav,Whine,Negative,883.47246,3.04,1149.22,1166.67,1225.59,1166.67,2132.36,3.81,574.09,692.84,330.68,2241.87,21.56,57.12,-70.41
C2VV_T10_Blue_20250120_1253_0_merged_003_1408.6s-1594.0s.mp4__Negative_call005.wav,Whine,Negative,883.675633,9.07,609.84,663.28,840.15,634.96,1993.23,3.73,656.59,1128.61,851.87,5507.92,28.87,61.66,-24.99
C2VV_T10_Green_20250124_1329_0_merged_009_1272.7s-1343.5s.mp4__Negative_call002.wav,Whine,Negative,886.040225,1.9,771.84,824.04,866.22,858.31,4373.6,4.19,696.26,1059.79,772.18,4499.42,22.14,62.74,-41.32
C2VV_T9_Natural2_20241218_1332_0_period_014_3262.4s-3422.9s.mp4__Negative_call022.wav,Alarm,Negative,887.644493,8.69,936.87,1151.41,1295.39,1242.33,2196.17,4.47,730.11,1264.0,1019.87,5565.63,18.47,62.84,-146.46
C2VV_T7_Green-Blue_20241114_1335_0_period_022_3458.4s-3610.3s.mp4__Negative_call002.wav,Whine,Negative,887.91553,3.09,573.07,610.97,639.81,573.07,2226.39,4.05,537.37,703.25,421.84,4416.42,18.47,61.39,-12.31
C2VV_T11_Blue_20250206_1351_0_merged_001_114.4s-345.5s.mp4__Negative_call002.wav,Whine,Negative,890.210457,1.45,834.91,846.63,874.21,843.18,4215.17,3.02,794.26,1021.98,713.59,3845.99,28.27,46.19,-32.25
C2VV_T8_Pink-Green2_20241206_1132_0_merged_003_1978.6s-2486.2s.mp4__Negative_call005.wav,Whine,Negative,891.167268,4.66,806.05,1099.43,1156.99,1096.64,2627.0,3.83,530.08,1182.74,857.54,1277.37,27.17,51.12,-16.62
C2VV_T9_Green2_20241218_1031_0_period_010_1211.5s-1288.3s.mp4__Negative_call001.wav,Whine,Negative,892.549879,2.94,843.06,885.27,914.54,882.2,3072.82,3.14,826.98,1025.41,718.8,4177.88,29.78,61.77,-25.38
C2VV_T7_Green-Blue_20241122_1023_0_period_022_2279.6s-2294.1s.mp4__Negative_call001.wav,Whine,Negative,895.215373,3.44,558.72,993.61,1034.89,1012.22,1952.68,3.9,497.82,1424.33,1045.42,1220.61,29.8,55.81,-12.68
C2VV_T7_Pink-Green_20241116_1116_0_merged_004_468.7s-525.2s.mp4__Negative_call001.wav,Whine,Negative,895.604635,2.66,892.11,1007.43,1076.17,1074.67,2182.59,4.12,764.69,1192.61,859.62,3296.41,23.66,63.67,-33.24
C2VV_T11_Pink_20250207_1018_0_merged_012_1960.2s-3677.2s.mp4__Negative_call007.wav,Whine,Negative,896.763774,2.79,680.81,704.11,732.79,703.39,2594.07,2.96,648.98,865.16,530.61,1658.81,23.66,46.25,-76.56
C2VV_T7_Pink-Green_20241119_1118_0_period_002_3411.2s-3427.4s.mp4__Negative_call001.wav,Whine,Negative,896.806959,2.07,1009.83,1066.31,1120.86,1116.03,1895.46,3.81,898.21,1253.75,951.22,5191.16,26.55,61.79,-2.2
C2VV_T9_Green2_20241220_1010_0_merged_002_96.9s-127.6s.mp4__Negative_call001.wav,Whine,Negative,897.302403,3.77,692.52,703.93,711.88,704.99,2719.33,3.1,716.64,1066.11,711.79,2472.78,27.05,48.27,-61.35
C2VV_T9_Green2_20241219_1241_0_period_007_615.4s-638.1s.mp4__Negative_call001.wav,Whine,Negative,898.141915,2.35,753.87,792.99,846.14,753.87,3978.5,3.16,759.05,938.36,627.44,3303.0,29.76,55.28,-31.41
C2VV_T7_Orange-Pink_20241118_1021_0_merged_008_758.0s-800.5s.mp4__Negative_call001.wav,Whine,Negative,898.17947,2.24,590.44,617.22,627.93,619.0,1810.58,3.43,578.71,763.52,455.17,2725.6,25.22,51.77,-34.35
C2VV_T7_Blue-Pink_20241122_1124_0_merged_018_2932.3s-3157.6s.mp4__Negative_call001.wav,Whine,Negative,900.908656,2.6,687.57,1223.41,1315.6,643.39,1972.37,3.62,582.79,702.76,388.42,1389.42,23.05,59.54,-57.72
C2VV_T10_Blue_20250122_1110_0_period_010_1603.3s-1740.8s.mp4__Negative_call003.wav,Whine,Negative,904.179128,5.95,639.77,651.37,657.08,651.37,2086.62,3.18,480.68,922.48,630.28,3068.77,24.7,51.68,-45.45
C2VV_T7_Green-Blue_20241122_1023_0_period_013_1050.3s-1063.3s.mp4__Negative_call001.wav,Whine,Negative,908.609598,2.6,1122.91,1164.45,1191.38,1167.92,2172.73,4.04,611.25,1248.18,871.89,2438.78,22.89,61.74,-72.51
C2VV_T7_Blue-Pink_20241119_1318_0_merged_024_3212.0s-3279.9s.mp4__Negative_call003.wav,Whine,Negative,909.345504,2.75,1231.41,1386.92,2071.12,1249.21,2501.88,5.04,412.08,804.3,458.35,1179.84,23.62,53.59,-63.01
C2VV_T10_Blue_20250119_1234_0_merged_009_2884.8s-2963.0s.mp4__Ambiguous_call001.wav,Whine,Ambiguous,910.300319,3.61,1017.87,1027.57,1057.79,1025.63,3690.96,3.22,1038.98,1225.82,859.45,2835.21,28.41,53.64,-41.34
C2VV_T8_Green-line_20241205_1001_0_period_019_2242.2s-3403.6s.mp4__Negative_call010.wav,Alarm,Negative,912.124176,2.16,690.74,764.92,886.38,764.92,2489.96,4.3,684.32,1019.25,714.84,7305.02,22.25,65.37,-54.5
C2VV_T8_Pink-Green2_20241204_1112_0_period_004_2162.4s-2246.8s.mp4__Negative_call008.wav,Whine,Negative,912.25563,5.42,1164.99,1181.97,1281.27,1165.73,2761.63,4.16,587.43,1481.09,1172.52,2282.73,24.55,60.08,-41.57
C2VV_T8_Pink-Green2_20241203_1118_0_period_006_3587.7s-3607.6s.mp4__Negative_call001.wav,Whine,Negative,913.503019,5.7,566.15,1004.57,1450.89,494.39,2853.65,4.47,502.33,707.36,398.2,1399.92,22.37,54.91,-33.91
C2VV_T7_Green-Blue_20241122_1023_0_period_023_2341.8s-2367.6s.mp4__Negative_call003.wav,Whine,Negative,914.349635,2.98,967.65,1085.54,1137.26,1141.63,2069.82,4.09,523.65,1163.12,870.44,2156.31,25.86,56.09,-50.31
C2VV_T10_Blue_20250122_1110_0_merged_007_1242.5s-1365.6s.mp4__Negative_call001.wav,Whine,Negative,914.745839,4.58,693.48,758.35,965.19,693.04,2718.93,2.58,913.99,1172.65,864.26,2387.48,27.85,49.36,-64.02
C2VV_T10_Green_20250124_1329_0_period_002_118.4s-133.1s.mp4__Negative_call001.wav,Whine,Negative,915.86915,4.91,579.16,959.5,1135.91,571.83,3121.24,3.45,683.1,1484.42,1166.79,2171.8,26.18,50.42,-59.88
C2VV_T8_Pink-line_20241206_1346_0_merged_017_2984.5s-3844.7s.mp4__Negative_call001.wav,Whine,Negative,916.619823,1.23,909.31,931.31,992.42,930.5,5660.6,4.99,758.9,1034.44,724.3,4997.37,19.96,60.29,-39.32
C2VV_T7_Green-Blue_20241117_1525_0_period_014_2831.5s-2848.4s.mp4__Negative_call001.wav,Whine,Negative,917.776339,2.06,558.2,614.6,620.44,614.6,1914.42,3.59,581.61,650.2,359.64,3018.66,24.55,60.54,-10.42
C2VV_T8_Pink-line_20241206_1346_0_merged_007_1088.9s-1235.6s.mp4__Negative_call001.wav,Whine,Negative,923.082218,1.82,834.62,861.51,894.43,887.3,4891.42,3.94,738.1,1008.74,689.74,4830.05,24.42,63.65,-78.13
C2VV_T6_Green_20241107_1210_0_merged_006_644.6s-672.0s.mp4__Negative_call001.wav,Whine,Negative,924.813699,3.65,644.92,1196.8,1257.27,634.79,2253.86,3.36,621.07,745.65,452.44,1098.96,25.72,49.94,-45.0
C2VV_T6_Black_20241107_1107_0_merged_026_2658.9s-2694.3s.mp4__Negative_call001.wav,Whine,Negative,926.114764,1.62,803.75,876.99,1169.32,870.84,1787.33,3.39,679.93,967.19,658.88,3478.2,23.08,51.39,-40.36
C2VV_T9_Blue2_20241216_1111_0_merged_004_875.1s-1143.3s.mp4__Negative_call001.wav,Whine,Negative,928.644816,2.05,939.12,963.07,988.98,990.94,3559.11,2.6,853.46,1024.46,675.31,1915.06,27.87,41.07,-16.08
C2VV_T8_Green-line_20241206_1019_0_merged_002_116.5s-320.7s.mp4__Negative_call007.wav,Whine,Negative,928.900966,7.18,1044.04,1069.82,1094.48,1077.62,2164.05,3.38,541.29,1235.83,941.74,1703.79,26.47,52.45,-49.3
C2VV_T7_Green-Blue_20241121_1150_0_period_013_1318.1s-1376.5s.mp4__Negative_call003.wav,Whine,Negative,928.946656,2.03,599.03,1135.45,1183.76,1189.19,1907.12,3.84,555.01,905.8,586.12,1897.88,24.4,57.93,-31.34
C2VV_T10_Pink_20250117_1008_0_period_004_943.9s-1411.7s.mp4__Negative_call004.wav,Whine,Negative,931.641231,2.57,927.44,943.03,947.32,947.32,2448.79,3.02,743.78,1039.51,733.45,2447.46,29.03,51.44,-47.18
C2VV_T9_Blue2_20241213_1307_0_period_001_87.3s-639.4s.mp4__Negative_call002.wav,Whine,Negative,931.9827,1.52,929.27,1001.41,1013.21,1007.31,4932.59,3.4,726.4,1113.13,781.73,2864.36,26.89,55.42,-36.2
C2VV_T8_Pink-Green2_20241130_1204_0_merged_010_1866.0s-1975.6s.mp4__Negative_call003.wav,Whine,Negative,932.107395,2.22,954.39,1048.74,1077.64,1057.32,3227.59,3.54,529.81,827.08,483.55,2947.71,29.57,55.98,-43.81
C2VV_T9_Green2_20241219_1241_0_merged_008_863.0s-967.5s.mp4__Negative_call001.wav,Whine,Negative,936.938595,1.64,832.92,895.86,942.91,942.91,4522.93,3.36,752.9,990.3,561.47,3191.47,26.58,60.5,-26.12
C2VV_T6_Natural_20241108_1122_0_merged_003_304.7s-337.5s.mp4__Negative_call001.wav,Whine,Negative,937.212672,2.5,684.73,699.51,1309.94,697.51,2140.86,3.84,480.31,1227.66,942.73,1120.82,27.96,51.73,-26.53
C2VV_T7_Blue-Pink_20241120_1318_0_merged_014_1702.3s-1766.0s.mp4__Negative_call001.wav,Whine,Negative,938.623481,3.42,1128.72,1385.92,1494.93,1385.62,2107.96,4.03,424.86,1226.93,917.16,1096.18,23.38,56.99,-64.5
C2VV_T11_Green_20250130_1339_0_merged_011_3158.2s-3300.4s.mp4__Negative_call003.wav,Whine,Negative,938.887182,2.57,795.73,890.03,925.1,907.56,3135.05,3.98,784.77,1008.5,657.19,5076.67,28.06,62.54,-30.65
C2VV_T7_Orange-Pink_20241118_1021_0_merged_002_1288.5s-1557.9s.mp4__Ambiguous_call001.wav,Whine,Ambiguous,938.895659,1.08,270.73,446.89,800.13,217.88,2503.62,4.96,449.21,838.1,519.1,2050.73,4.64,69.54,-26.73
C2VV_T10_Blue_20250123_1216_0_period_005_312.4s-339.3s.mp4__Negative_call001.wav,Whine,Negative,940.518033,2.74,1048.34,1053.09,1059.67,1052.72,2661.32,2.71,1009.07,1288.68,841.54,2570.06,26.14,43.32,-58.46
C2VV_T8_Green-line_20241203_1014_0_merged_002_205.7s-498.9s.mp4__Ambiguous_call001.wav,Cluck,Ambiguous,943.405945,0.45,237.49,474.99,708.0,237.49,5183.36,5.02,493.29,493.29,0.0,0.0,0.0,58.25,-154.92
pc_c74eba0c46b7fa57__C2VV_T6_Black_20241103_1229__1593.142s-1595.704s,Cluck,Positive,943.40899,2.562,562.06,739.65,902.02,638.56,2263.31,4.97,533.81,1076.41,765.57,4906.16,4.49,61.87,-63.18
C2VV_T7_Blue-Pink_20241117_1206_0_period_013_2958.6s-2992.8s.mp4__Negative_call001.wav,Whine,Negative,954.173814,2.82,963.59,1040.17,1066.05,1045.48,2381.28,3.95,473.42,1255.13,962.44,3648.06,21.98,63.28,-12.44
C2VV_T7_Blue-Pink_20241115_1108_0_merged_006_2982.4s-2997.2s.mp4__Negative_call001.wav,Whine,Negative,954.19502,1.35,365.92,1014.06,1057.02,1038.5,2483.43,4.45,510.0,1194.73,867.14,4891.12,11.85,62.22,-26.78
C2VV_T9_Blue2_20241220_1215_0_merged_009_2035.6s-2182.4s.mp4__Negative_call004.wav,Whine,Negative,956.620474,3.31,498.49,972.81,1410.27,474.62,2436.59,3.52,600.99,1029.03,682.69,2715.25,29.91,54.98,-27.07
C2VV_T11_Pink_20250206_1055_0_period_011_2101.0s-2147.3s.mp4__Negative_call002.wav,Whine,Negative,961.600904,3.82,674.04,709.66,878.37,676.92,2848.8,3.17,664.08,892.27,571.05,1498.4,20.96,48.59,-70.41
C2VV_T8_Green-line_20241202_1032_0_merged_015_2386.9s-2605.4s.mp4__Negative_call003.wav,Whine,Negative,962.433523,2.6,797.43,820.47,868.49,798.96,3854.1,3.15,799.27,1002.36,680.77,2500.56,30.35,55.31,-20.73
C2VV_T10_Blue_20250123_1216_0_merged_004_408.7s-969.0s.mp4__Negative_call011.wav,Alarm,Negative,962.986863,2.45,1113.0,1486.17,2265.52,1484.95,2334.96,4.88,588.24,1246.46,938.07,4294.71,20.37,59.07,-98.05
C2VV_T8_Pink-Green2_20241205_1105_0_merged_002_2124.4s-3632.1s.mp4__Negative_call043.wav,Whine,Negative,965.133653,2.08,926.67,994.37,1000.13,993.41,2837.71,3.22,478.14,636.66,312.73,1224.43,28.33,47.53,-37.65
C2VV_T7_Blue-Pink_20241122_1124_0_merged_012_2312.6s-2507.5s.mp4__Negative_call001.wav,Whine,Negative,965.582704,4.13,1124.7,1247.51,1570.9,825.54,2358.67,4.82,428.95,718.12,415.56,1148.82,23.62,59.35,-46.6
C2VV_T9_Natural2_20241219_1343_0_merged_008_2019.7s-2499.0s.mp4__Negative_call001.wav,Whine,Negative,968.429052,4.28,614.45,638.07,649.99,613.52,2859.48,2.94,639.63,840.73,303.72,1104.72,25.25,42.55,-49.24
C2VV_T7_Blue-Pink_20241119_1318_0_merged_008_1646.7s-1864.8s.mp4__Negative_call001.wav,Cluck,Negative,971.320805,0.41,745.47,801.68,1131.65,801.68,2880.29,4.97,372.18,399.07,88.23,1513.38,9.78,58.66,-91.68
C2VV_T7_Green-Blue_20241118_1238_0_period_006_1894.2s-1930.2s.mp4__Negative_call001.wav,Whine,Negative,971.766218,2.01,432.31,855.18,884.03,883.53,2483.57,4.44,467.56,936.33,628.85,3043.89,12.69,66.41,-6.49
C2VV_T8_Green-line_20241202_1032_0_merged_012_1536.6s-1808.0s.mp4__Ambiguous_call001.wav,Whine,Ambiguous,974.314096,2.71,797.06,818.43,839.05,839.05,3415.99,2.89,827.02,1144.18,731.56,2359.33,25.23,47.15,-59.15
C2VV_T8_Pink-line_20241206_1346_0_merged_007_1088.9s-1235.6s.mp4__Negative_call003.wav,Whine,Negative,975.199205,1.23,891.77,922.78,999.47,910.54,5188.31,4.43,673.45,1028.05,655.62,4372.84,25.7,58.74,-36.78
C2VV_T9_Green2_20241218_1031_0_period_014_1650.8s-1745.0s.mp4__Negative_call001.wav,Whine,Negative,975.464037,4.8,612.8,687.0,1218.31,599.25,2750.35,3.35,699.78,1093.14,710.56,2612.96,27.31,52.32,-73.39
C2VV_T7_Green-Blue_20241121_1150_0_merged_002_429.5s-728.3s.mp4__Negative_call002.wav,Whine,Negative,976.389908,2.94,635.44,1113.64,1163.67,1116.7,2238.49,3.94,563.52,651.52,340.71,1500.93,27.74,55.82,-49.65
C2VV_T9_Blue2_20241220_1215_0_merged_013_1228.7s-1285.6s.mp4__Negative_call001.wav,Whine,Negative,978.316518,2.08,873.71,898.69,968.33,898.69,3875.69,3.27,853.08,1105.64,780.39,3403.18,27.38,52.84,-51.04
C2VV_T9_Blue2_20241214_1354_0_period_006_1132.4s-1168.3s.mp4__Ambiguous_call001.wav,Whine,Ambiguous,978.727805,1.18,888.48,916.45,940.19,937.65,4094.08,3.19,738.63,975.14,652.98,2398.17,25.43,51.29,-36.87
C2VV_T9_Blue2_20241220_1215_0_merged_010_2228.5s-2467.0s.mp4__Negative_call003.wav,Whine,Negative,987.022905,5.88,813.62,984.14,1286.72,800.69,2265.81,4.7,415.2,1339.19,1035.09,1990.09,26.55,57.69,-33.91
C2VV_T10_Blue_20250124_1228_0_period_007_2532.6s-2617.4s.mp4__Negative_call004.wav,Whine,Negative,987.532585,1.74,997.52,1053.29,1080.31,1070.53,4441.39,3.73,839.4,1147.95,835.43,3819.25,26.16,58.93,-15.58
C2VV_T10_Blue_20250123_1216_0_merged_001_100.0s-153.1s.mp4__Negative_call001.wav,Whine,Negative,988.683141,8.69,615.35,651.36,764.21,649.06,2111.0,3.57,607.22,1089.35,824.25,4305.97,26.4,55.51,-19.93
C2VV_T9_Blue2_20241216_1111_0_merged_002_697.2s-786.9s.mp4__Negative_call001.wav,Whine,Negative,988.802156,5.39,611.38,712.07,1193.09,612.87,2406.54,3.89,616.13,997.48,618.07,2924.18,28.28,59.99,-24.35
C2VV_T6_Pink_20241108_1226_0_merged_002_128.4s-166.4s.mp4__Ambiguous_call001.wav,Whine,Ambiguous,989.743957,2.19,393.34,808.13,961.91,964.19,2131.72,4.61,463.27,965.73,666.47,3940.51,8.9,67.08,-42.88
C2VV_T7_Orange-Pink_20241118_1021_0_period_021_2623.4s-2644.8s.mp4__Negative_call001.wav,Cluck,Negative,990.854196,0.24,313.95,560.93,862.33,213.49,2441.03,5.14,417.09,567.1,244.56,4346.57,4.19,58.6,-18.41
C2VV_T7_Pink-Green_20241119_1118_0_period_005_3633.5s-3645.0s.mp4__Negative_call001.wav,Whine,Negative,992.28251,4.7,708.09,787.9,1043.08,714.05,1993.86,3.51,633.1,1110.23,824.62,3324.88,26.39,54.8,-32.2
C2VV_T8_Pink-Green2_20241202_1131_0_period_003_226.7s-275.1s.mp4__Negative_call001.wav,Whine,Negative,992.7892,2.55,675.45,780.9,1027.87,780.9,3330.3,3.7,625.31,874.21,549.73,4847.04,26.85,59.59,-40.71
C2VV_T10_Green_20250122_1324_0_merged_004_695.9s-785.9s.mp4__Negative_call001.wav,Whine,Negative,995.341807,2.94,810.05,838.98,889.69,805.28,2989.33,3.51,787.6,967.22,645.76,3412.56,27.74,58.2,-52.03
C2VV_T10_Pink_20250124_1023_0_merged_008_712.7s-747.1s.mp4__Negative_call001.wav,Whine,Negative,997.541896,2.02,848.98,864.32,871.74,874.21,3985.68,3.13,788.9,959.05,569.88,3098.59,27.95,50.96,-37.11
C2VV_T9_Natural2_20241219_1343_0_period_006_756.5s-806.9s.mp4__Negative_call003.wav,Whine,Negative,997.628966,4.78,636.65,645.43,1187.58,642.92,2359.65,3.15,520.01,1199.47,928.97,1727.93,26.03,42.44,-59.06
C2VV_T10_Pink_20250117_1008_0_period_009_1971.6s-2016.0s.mp4__Negative_call003.wav,Whine,Negative,1001.171308,2.7,603.02,629.71,696.42,602.65,2139.09,3.31,599.71,901.47,596.47,2713.8,28.91,54.67,-32.81
C2VV_T10_Pink_20250123_1114_0_merged_003_3023.8s-3077.4s.mp4__Negative_call001.wav,Whine,Negative,1002.61849,4.29,834.1,878.17,915.25,917.58,2567.57,3.3,804.67,981.74,719.99,4275.04,28.57,59.58,-47.21
C2VV_T10_Green_20250122_1324_0_period_003_527.9s-578.3s.mp4__Negative_call002.wav,Whine,Negative,1003.305498,3.34,551.59,579.69,684.03,550.99,2348.88,3.4,657.97,933.47,666.71,3740.68,28.25,58.0,-47.7
C2VV_T11_Pink_20250207_1018_0_merged_012_1960.2s-3677.2s.mp4__Negative_call008.wav,Whine,Negative,1003.798016,4.02,652.54,674.45,1277.94,673.2,2698.02,3.51,570.93,720.17,400.36,1572.5,24.15,53.53,-67.83
C2VV_T6_Natural_20241107_1007_0_merged_002_206.0s-283.3s.mp4__Negative_call001.wav,Whine,Negative,1003.886322,3.12,774.63,1263.74,1290.31,1264.7,1885.47,3.88,493.45,1021.32,747.09,2317.79,29.45,54.42,-29.77
C2VV_T9_Green2_20241218_1031_0_merged_012_1523.6s-1636.0s.mp4__Negative_call001.wav,Whine,Negative,1004.091083,2.71,872.58,891.36,903.52,891.36,4403.87,3.41,840.4,1026.16,489.94,3094.97,27.44,59.49,-24.39
C2VV_T10_Blue_20250124_1228_0_period_004_572.0s-1111.7s.mp4__Negative_call009.wav,Whine,Negative,1006.561037,2.37,977.7,994.59,1059.6,977.7,4466.24,3.47,800.5,1129.23,809.0,2063.75,27.86,54.46,-25.04
C2VV_T10_White_20250119_1017_0_period_018_1677.3s-1719.8s.mp4__Negative_call001.wav,Whine,Negative,1007.709432,4.11,606.47,633.46,763.07,608.17,2932.06,2.79,688.18,933.65,574.93,2035.66,32.95,49.24,-23.65
C2VV_T8_Pink-Green2_20241204_1112_0_merged_007_2671.3s-2687.9s.mp4__Negative_call001.wav,Whine,Negative,1009.836869,5.51,894.41,1182.38,1240.12,1188.73,2854.39,3.79,573.94,1244.32,784.28,1159.5,24.33,50.57,-77.28
C2VV_T9_Blue2_20241220_1215_0_merged_005_1297.1s-1435.9s.mp4__Negative_call001.wav,Whine,Negative,1010.876689,2.05,825.22,892.69,953.8,813.49,3674.11,3.59,900.03,1101.52,362.29,4227.01,29.58,66.49,-24.72
C2VV_T10_Blue_20250120_1253_0_merged_003_1408.6s-1594.0s.mp4__Negative_call001.wav,Whine,Negative,1014.860702,8.96,639.18,701.77,1028.33,636.5,2306.37,3.96,675.0,1218.33,921.09,4444.87,25.66,58.91,-30.01
C2VV_T6_Black_20241104_1009_0_merged_017_1908.1s-1974.3s.mp4__Negative_call001.wav,Alarm,Negative,1014.879091,0.89,1108.02,1110.26,1121.46,1108.02,2402.37,4.0,654.03,1198.06,700.5,3794.13,22.41,54.9,-79.83
C2VV_T6_Black_20241102_1142_0_merged_008_2646.1s-2684.5s.mp4__Negative_call005.wav,Alarm,Negative,1016.714332,4.41,994.76,1095.28,1186.73,1108.22,2300.42,4.88,680.2,1323.48,1022.22,7338.33,15.09,60.02,-111.83
C2VV_T8_Green-line_20241205_1001_0_period_019_2242.2s-3403.6s.mp4__Negative_call016.wav,Alarm,Negative,1016.872265,1.71,1077.26,1091.29,1115.26,1078.43,2446.24,4.14,566.1,1013.07,721.26,4309.41,16.95,54.36,-132.57
C2VV_T7_Green-Blue_20241116_1322_0_merged_003_1055.2s-1303.1s.mp4__Negative_call001.wav,Whine,Negative,1017.596184,2.05,500.61,539.72,569.54,541.19,2183.6,4.17,525.01,579.18,212.48,1551.08,15.64,59.64,-19.27
C2VV_T10_Pink_20250123_1114_0_period_001_1727.0s-1785.8s.mp4__Negative_call001.wav,Whine,Negative,1018.524029,2.08,846.94,864.74,867.63,866.67,4359.83,3.45,773.57,942.7,586.74,2761.8,28.63,51.73,-40.11
C2VV_T8_Green-line_20241206_1019_0_merged_007_1256.9s-1555.3s.mp4__Negative_call001.wav,Whine,Negative,1019.963769,1.08,912.34,924.39,933.66,916.05,4181.75,3.63,574.96,1019.38,731.62,3403.99,23.18,57.02,-48.93
C2VV_T8_Pink-Green2_20241205_1105_0_merged_002_2124.4s-3632.1s.mp4__Negative_call042.wav,Whine,Negative,1020.1981,2.27,889.95,940.64,967.53,957.39,3434.8,3.42,540.1,1027.39,634.89,2315.2,26.89,48.93,-28.32
C2VV_T9_Green2_20241220_1010_0_merged_007_459.3s-506.1s.mp4__Negative_call002.wav,Whine,Negative,1020.921431,3.86,601.63,660.19,727.04,659.93,2877.34,3.66,599.83,993.53,667.4,3191.68,29.28,60.89,-48.13
C2VV_T10_Pink_20250123_1114_0_merged_015_1615.5s-1811.1s.mp4__Negative_call007.wav,Whine,Negative,1021.29426,2.23,846.97,864.45,867.59,866.69,4499.09,3.63,707.65,947.74,605.04,2878.13,25.77,54.0,-54.45
C2VV_T10_Green_20250123_1012_0_merged_003_335.8s-347.5s.mp4__Negative_call001.wav,Whine,Negative,1021.334377,2.23,950.76,986.2,1019.4,1001.01,3386.4,4.07,853.94,1052.62,728.68,3597.54,24.68,57.21,-44.73
C2VV_T11_Natural_20250206_1246_0_period_001_111.7s-165.1s.mp4__Negative_call003.wav,Whine,Negative,1024.987623,1.09,1006.89,1027.03,1063.64,1026.11,4977.5,4.06,588.7,1118.18,733.82,3746.01,22.43,53.09,7.54
C2VV_T9_Natural2_20241219_1343_0_merged_007_684.3s-876.7s.mp4__Negative_call005.wav,Whine,Negative,1030.401177,2.9,617.05,623.25,766.66,620.5,2760.34,3.25,617.12,953.46,683.05,2139.06,25.51,48.95,-65.65
C2VV_T8_Pink-Green2_20241130_1204_0_period_007_1647.2s-1665.8s.mp4__Negative_call001.wav,Whine,Negative,1030.841469,2.56,603.64,614.96,637.2,613.0,2791.68,3.04,574.75,912.16,599.29,1704.05,25.36,43.7,-46.41
C2VV_T9_Blue2_20241220_1215_0_merged_010_2228.5s-2467.0s.mp4__Negative_call001.wav,Whine,Negative,1031.973564,4.24,1192.28,1250.07,1283.8,1242.99,2373.67,3.95,531.91,671.69,307.54,1314.74,26.65,57.79,-57.14
C2VV_T9_Green2_20241218_1031_0_period_011_1356.5s-1450.6s.mp4__Negative_call002.wav,Whine,Negative,1032.109092,6.53,611.76,656.0,812.11,591.41,3069.11,3.25,739.08,1141.86,844.02,3695.74,29.77,57.63,-46.26
C2VV_T7_Blue-Pink_20241120_1318_0_merged_016_2105.7s-2158.1s.mp4__Negative_call002.wav,Whine,Negative,1032.986941,4.97,1219.48,1327.71,1587.41,1286.67,2385.35,4.8,546.46,1493.95,1182.95,3166.2,24.24,59.65,-51.94
C2VV_T9_Green2_20241220_1010_0_merged_003_948.1s-977.7s.mp4__Negative_call001.wav,Whine,Negative,1033.512552,1.95,908.6,933.76,988.72,934.79,3255.81,3.19,821.98,1115.87,698.86,4084.88,27.99,58.04,-37.4
C2VV_T9_Green2_20241218_1031_0_merged_012_1523.6s-1636.0s.mp4__Negative_call003.wav,Whine,Negative,1033.878087,2.38,894.87,904.54,917.98,902.01,3225.22,2.58,834.06,994.68,683.85,2596.09,28.57,51.05,-11.98
C2VV_T8_Green-line_20241128_1016_0_merged_002_528.5s-710.1s.mp4__Negative_call003.wav,Whine,Negative,1034.151324,1.91,869.21,877.05,895.88,872.87,3179.67,2.46,848.05,985.38,617.26,2424.65,32.43,48.9,-2.76
C2VV_T9_Blue2_20241215_1039_0_merged_008_2320.2s-2516.6s.mp4__Negative_call002.wav,Whine,Negative,1034.861722,2.31,884.27,936.75,967.54,922.87,4236.56,3.73,842.91,1020.67,702.1,2955.75,24.5,60.5,-60.04
C2VV_T7_Green-Blue_20241116_1322_0_merged_004_178.6s-210.5s.mp4__Negative_call001.wav,Whine,Negative,1035.022207,2.12,453.21,465.97,560.96,464.55,1905.08,3.94,470.66,576.41,253.34,1732.48,25.28,68.76,-12.66
C2VV_T7_Blue-Pink_20241122_1124_0_merged_018_2504.7s-2555.1s.mp4__Negative_call001.wav,Whine,Negative,1035.266325,2.66,744.78,1330.75,1399.62,689.09,2153.53,3.75,482.68,762.1,463.59,1708.22,28.41,47.8,-41.94
C2VV_T10_Blue_20250122_1110_0_merged_011_2414.2s-2454.6s.mp4__Negative_call001.wav,Whine,Negative,1036.545215,2.86,920.89,957.66,983.22,954.86,3611.69,2.98,940.35,1098.64,764.44,2324.14,27.14,53.57,-21.38
C2VV_T7_Green-Blue_20241122_1023_0_period_027_2870.1s-3041.2s.mp4__Negative_call005.wav,Whine,Negative,1038.795122,2.98,565.66,940.08,1129.3,590.87,1921.23,4.4,506.21,836.61,523.47,1965.63,23.53,62.18,-36.11
C2VV_T7_Blue-Pink_20241122_1124_0_merged_005_1057.7s-1105.4s.mp4__Negative_call001.wav,Alarm,Negative,1040.368703,3.11,1058.19,1376.68,1447.84,1394.71,2098.57,4.95,620.33,1339.87,1031.48,5554.46,16.1,57.0,-125.35
C2VV_T11_Green_20250130_1339_0_merged_006_2220.4s-2461.5s.mp4__Negative_call002.wav,Whine,Negative,1040.846235,3.13,779.72,866.92,920.91,906.85,4162.7,4.42,796.55,1021.45,698.15,4028.05,27.15,66.92,-43.5
C2VV_T8_Pink-Green2_20241206_1132_0_merged_009_3600.6s-3766.8s.mp4__Negative_call002.wav,Whine,Negative,1041.049271,3.46,1074.25,1124.84,1165.89,1128.89,3655.76,3.25,678.49,1138.85,797.53,1860.77,27.9,47.27,-52.21
C2VV_T8_Green-line_20241202_1032_0_merged_013_1847.8s-1951.4s.mp4__Negative_call003.wav,Whine,Negative,1042.81713,2.57,777.93,802.46,857.35,777.93,4055.09,3.14,840.16,1217.77,842.34,2276.02,25.7,51.39,-44.92
C2VV_T10_Blue_20250123_1216_0_merged_004_408.7s-969.0s.mp4__Negative_call015.wav,Alarm,Negative,1044.516754,3.05,1198.17,1468.03,2103.19,1475.9,2305.97,4.57,547.12,1210.15,899.35,3257.42,21.81,57.55,-122.47
C2VV_T7_Orange-Pink_20241119_1017_0_merged_024_2102.5s-2113.6s.mp4__Negative_call001.wav,Whine,Negative,1044.534744,2.46,622.26,707.32,838.36,237.27,2121.79,4.36,562.06,1239.32,928.97,3888.24,18.52,65.93,-12.75
C2VV_T6_Green_20241108_1337_0_period_001_155.1s-169.7s.mp4__Negative_call001.wav,Whine,Negative,1046.516207,3.52,1127.34,1156.91,1198.42,1128.48,2241.36,3.67,598.81,1416.55,1087.7,2292.23,26.87,53.88,-47.15
C2VV_T6_Green_20241105_0957_0_period_035_426.3s-437.1s.mp4__Negative_call001.wav,Whine,Negative,1048.374759,4.26,565.16,608.61,1165.08,610.73,2339.54,3.8,577.92,714.94,395.77,1264.89,27.83,50.15,-17.05
C2VV_T7_Green-Blue_20241120_1207_0_merged_034_2369.1s-2383.3s.mp4__Negative_call001.wav,Whine,Negative,1053.268641,2.91,482.41,931.78,1315.09,459.7,2129.69,4.11,461.66,629.73,255.27,1084.94,30.28,56.26,-9.43
C2VV_T8_Green-line_20241203_1014_0_merged_014_2316.6s-2515.5s.mp4__Negative_call007.wav,Whine,Negative,1059.626746,6.44,578.03,606.77,792.3,564.97,2643.68,2.68,700.5,1047.45,535.93,1811.38,30.3,42.34,-36.73
C2VV_T8_Pink-line_20241206_1346_0_merged_015_1859.2s-2694.1s.mp4__Negative_call002.wav,Whine,Negative,1059.777839,1.12,924.93,940.17,1025.31,938.37,5706.33,4.76,611.11,1065.39,753.1,4581.88,22.85,59.6,-36.73
C2VV_T11_Green_20250130_1339_0_merged_012_3398.6s-3621.0s.mp4__Negative_call004.wav,Whine,Negative,1061.640873,2.79,894.84,988.77,1043.62,1004.9,4025.67,4.37,855.19,1171.56,869.78,6070.0,22.94,67.22,-34.66
C2VV_T7_Blue-Pink_20241120_1318_0_merged_005_688.8s-713.6s.mp4__Negative_call001.wav,Whine,Negative,1066.563972,1.55,797.62,825.92,925.62,801.48,2167.62,3.92,517.48,975.71,678.03,3214.09,17.69,56.61,-8.15
C2VV_T7_Orange-Pink_20241118_1021_0_merged_009_2380.3s-2514.8s.mp4__Negative_call001.wav,Whine,Negative,1070.623429,2.98,646.05,650.41,669.21,649.74,2094.92,4.21,457.03,897.46,588.07,2836.23,19.13,62.26,-63.18
C2VV_T7_Blue-Pink_20241120_1318_0_merged_016_2105.7s-2158.1s.mp4__Negative_call001.wav,Whine,Negative,1073.51365,3.44,1104.83,1271.21,1587.12,1217.78,2389.85,4.94,524.55,1473.14,1165.09,3289.18,21.49,63.3,-58.94
C2VV_T6_Natural_20241108_1122_0_merged_005_837.4s-860.6s.mp4__Negative_call001.wav,Whine,Negative,1075.344367,3.1,1077.49,1089.12,1115.93,1084.92,2071.86,3.85,580.3,1093.84,748.84,2595.26,23.09,51.68,-54.07
C2VV_T7_Orange-Pink_20241119_1017_0_merged_018_1953.1s-1986.2s.mp4__Negative_call001.wav,Whine,Negative,1077.090361,2.81,606.92,664.17,994.12,588.44,1793.17,4.21,518.1,748.39,450.21,2506.42,24.36,62.4,-31.67
C2VV_T9_Blue2_20241215_1039_0_merged_006_2320.2s-2516.6s.mp4__Negative_call004.wav,Whine,Negative,1078.111144,2.8,882.07,922.43,970.28,954.57,4605.59,3.88,896.99,1154.19,639.28,3111.24,24.28,56.25,-56.39
C2VV_T9_Green2_20241220_1010_0_merged_006_948.1s-977.7s.mp4__Negative_call003.wav,Whine,Negative,1078.709505,5.66,620.81,646.44,1185.75,643.79,2387.87,3.19,608.05,764.87,490.3,1703.17,27.58,49.85,-34.81
C2VV_T6_Green_20241105_0957_0_period_063_770.0s-781.1s.mp4__Negative_call001.wav,Whine,Negative,1079.7351,2.15,623.4,633.61,701.38,623.4,1990.71,3.22,487.57,730.82,455.4,1827.99,25.07,58.25,-14.45
C2VV_T10_Pink_20250119_1125_0_merged_009_2441.2s-2446.0s.mp4__Negative_call001.wav,Whine,Negative,1079.747251,3.6,588.93,649.71,821.79,613.08,2797.28,3.26,721.76,978.12,667.81,5443.89,25.81,61.06,-74.45
C2VV_T7_Green-Blue_20241121_1150_0_merged_013_3100.4s-3494.0s.mp4__Negative_call005.wav,Whine,Negative,1082.827898,1.64,463.82,486.43,519.43,486.43,1715.84,3.24,497.64,641.64,262.51,1945.31,23.83,53.47,-1.04
C2VV_T10_Green_20250123_1012_0_merged_003_696.9s-1013.1s.mp4__Negative_call001.wav,Whine,Negative,1082.947503,1.75,884.65,908.08,920.65,907.51,3491.11,3.79,754.05,987.09,657.21,3175.64,24.0,53.43,-50.12
C2VV_T7_Green-Blue_20241122_1023_0_period_027_2870.1s-3041.2s.mp4__Negative_call012.wav,Whine,Negative,1083.032997,5.13,894.25,1027.54,1390.0,1027.74,1951.81,3.96,469.5,737.37,417.16,1181.95,30.01,54.95,-39.16
C2VV_T9_Natural2_20241219_1343_0_merged_002_131.6s-385.0s.mp4__Negative_call004.wav,Whine,Negative,1084.123768,2.83,769.5,854.76,876.7,866.09,3112.17,3.37,833.77,1003.29,383.74,3220.02,26.89,59.44,-61.66
C2VV_T7_Orange-Pink_20241119_1017_0_merged_011_1357.3s-1384.3s.mp4__Negative_call001.wav,Whine,Negative,1089.537154,1.91,774.96,1316.23,1391.16,1423.12,1885.15,4.21,589.54,925.67,611.78,3055.4,25.41,64.45,-45.85
C2VV_T11_Green_20250130_1339_0_merged_011_3158.2s-3300.4s.mp4__Negative_call004.wav,Other,Negative,1089.713485,0.89,467.17,1004.92,1380.23,0.0,5796.22,5.99,641.44,1371.34,1030.73,4795.48,6.16,63.3,0.88
C2VV_T9_Green2_20241216_1336_0_period_005_344.2s-379.2s.mp4__Negative_call001.wav,Whine,Negative,1091.030159,0.82,614.84,668.2,773.71,633.03,5638.81,5.45,643.67,767.19,223.0,2436.08,20.62,60.03,-20.24
C2VV_T6_Green_20241107_1210_0_merged_012_1129.2s-1160.0s.mp4__Negative_call001.wav,Alarm,Negative,1091.379953,0.67,994.66,1014.1,1087.39,994.66,2538.91,4.59,484.52,541.15,224.17,2023.79,26.92,51.6,-64.89
C2VV_T11_Blue_20250201_1258_0_merged_001_70.5s-143.0s.mp4__Ambiguous_call001.wav,Whine,Ambiguous,1092.273026,1.67,840.03,841.23,862.85,840.63,3972.36,3.35,829.0,961.1,536.3,1915.85,23.42,41.73,-45.86
C2VV_T9_Green2_20241219_1241_0_period_001_72.1s-85.3s.mp4__Negative_call001.wav,Whine,Negative,1093.984662,3.2,739.42,766.62,776.63,771.94,4661.84,4.75,736.37,872.39,231.89,2571.34,17.2,63.31,-104.1
C2VV_T7_Green-Blue_20241122_1023_0_period_020_1985.4s-2019.3s.mp4__Negative_call001.wav,Whine,Negative,1098.428589,5.51,935.81,1059.79,1165.63,1074.14,2176.44,4.29,578.99,1229.65,922.63,2916.72,23.6,61.45,-59.18
C2VV_T7_Pink-Green_20241119_1118_0_period_001_175.0s-211.9s.mp4__Negative_call001.wav,Whine,Negative,1098.893768,2.2,974.77,1002.08,1020.73,1034.39,2289.16,3.91,841.02,1133.69,835.27,3927.01,23.44,60.98,-24.71
C2VV_T8_Green-line_20241205_1001_0_period_019_2242.2s-3403.6s.mp4__Negative_call021.wav,Alarm,Negative,1102.960344,2.31,1048.64,1052.11,1100.68,1049.07,2521.19,3.92,502.71,944.13,623.85,2670.07,20.82,62.23,-118.34
C2VV_T9_Green2_20241219_1241_0_merged_003_303.7s-346.9s.mp4__Negative_call001.wav,Whine,Negative,1103.767419,3.19,711.85,809.69,821.29,820.98,2598.56,3.06,778.85,956.2,353.54,2964.92,26.5,53.78,-68.67
C2VV_T10_Green_20250122_1324_0_period_003_527.9s-578.3s.mp4__Negative_call001.wav,Whine,Negative,1105.768085,2.75,730.67,858.26,906.97,859.35,2892.84,3.89,733.52,1194.19,942.72,5113.35,27.63,68.52,-69.84
C2VV_T9_Blue2_20241216_1111_0_period_012_1233.3s-1292.6s.mp4__Negative_call001.wav,Whine,Negative,1106.969234,7.91,645.92,730.54,891.04,719.53,2793.64,3.68,630.6,1071.83,750.35,3075.16,31.94,55.71,-23.03
C2VV_T6_Green_20241108_1337_0_period_002_275.5s-297.9s.mp4__Negative_call001.wav,Alarm,Negative,1107.766894,1.99,1184.91,1208.54,1212.57,1210.55,2364.66,4.32,496.98,610.83,284.86,1879.29,21.12,58.34,-138.49
C2VV_T7_Green-Blue_20241121_1150_0_merged_002_429.5s-728.3s.mp4__Negative_call003.wav,Whine,Negative,1109.128796,2.79,1105.65,1133.61,1163.37,1125.01,2379.47,3.83,546.33,609.25,191.29,1100.34,25.63,53.96,-43.95
C2VV_T10_Pink_20250117_1008_0_period_009_1971.6s-2016.0s.mp4__Negative_call001.wav,Whine,Negative,1110.248257,4.57,883.99,927.97,946.35,940.01,2215.54,3.28,687.05,1015.42,707.03,3226.63,28.77,55.47,-34.82
C2VV_T8_Pink-Green2_20241128_1221_0_period_016_2317.4s-2375.3s.mp4__Negative_call001.wav,Whine,Negative,1110.43388,1.54,531.8,561.6,693.09,561.6,3704.98,4.01,566.5,743.44,404.45,4050.2,25.91,66.72,-56.64
C2VV_T10_Pink_20250123_1114_0_merged_015_1615.5s-1811.1s.mp4__Negative_call008.wav,Whine,Negative,1111.585129,0.44,404.04,663.45,853.99,0.0,5683.74,5.42,494.49,837.34,492.53,4383.22,8.03,59.69,0.9
C2VV_T7_Blue-Pink_20241122_1124_0_merged_011_1783.9s-1823.9s.mp4__Negative_call003.wav,Whine,Negative,1114.116953,2.51,1271.64,1474.73,1529.4,1520.62,2211.13,4.36,600.43,1489.55,1181.16,3675.22,24.54,59.05,-59.04
C2VV_T6_Green_20241107_1210_0_merged_016_1384.6s-1462.6s.mp4__Negative_call002.wav,Whine,Negative,1124.010665,2.12,1168.45,1263.73,1287.79,1285.9,2382.0,3.79,570.47,666.05,376.07,851.46,22.41,54.72,-104.44
C2VV_T9_Blue2_20241220_1215_0_merged_010_2228.5s-2467.0s.mp4__Negative_call012.wav,Whine,Negative,1125.515426,9.5,874.28,1119.31,1401.68,874.49,2339.24,4.17,481.15,1212.43,899.95,1828.0,26.56,56.55,-46.36
C2VV_T10_Pink_20250119_1125_0_merged_017_3071.9s-3085.0s.mp4__Negative_call001.wav,Whine,Negative,1125.671182,3.02,869.37,895.22,918.42,894.89,3507.91,2.89,890.35,1113.88,702.19,2551.79,26.35,52.7,-68.07
C2VV_T7_Blue-Pink_20241122_1124_0_merged_009_1838.2s-2085.7s.mp4__Negative_call001.wav,Whine,Negative,1125.692319,6.17,1264.39,1425.56,1512.7,1497.31,2214.78,4.34,552.82,1493.0,1179.96,3928.91,27.29,60.34,-21.77
C2VV_T10_Pink_20250117_1008_0_period_004_943.9s-1411.7s.mp4__Negative_call003.wav,Whine,Negative,1126.202733,2.86,786.39,817.12,886.96,786.04,2117.69,2.68,768.15,984.24,649.04,3188.36,32.65,52.73,-28.62
C2VV_T7_Orange-Pink_20241118_1021_0_merged_012_2740.1s-2786.1s.mp4__Negative_call003.wav,Whine,Negative,1127.870944,1.91,683.4,747.76,832.01,682.87,2015.89,4.51,704.77,943.39,665.38,3384.53,21.98,68.55,-45.47
C2VV_T10_Green_20250122_1324_0_merged_005_1003.4s-1095.5s.mp4__Negative_call003.wav,Whine,Negative,1132.605261,3.64,539.69,581.12,605.81,603.89,2407.0,3.67,540.98,784.34,485.11,3581.86,28.67,58.3,-36.77
C2VV_T10_Pink_20250119_1125_0_period_005_2587.4s-2617.3s.mp4__Negative_call001.wav,Whine,Negative,1133.562695,2.41,837.0,842.8,901.29,837.83,3734.71,2.94,758.47,981.46,636.26,2724.77,31.52,53.71,-56.25
C2VV_T7_Orange-Pink_20241118_1021_0_merged_005_733.9s-744.3s.mp4__Negative_call001.wav,Whine,Negative,1133.752005,2.86,575.56,645.88,688.22,575.56,1819.4,3.59,541.33,839.4,539.54,2303.06,23.79,54.06,-63.5
C2VV_T7_Green-Blue_20241116_1322_0_merged_013_3068.5s-3105.4s.mp4__Negative_call001.wav,Whine,Negative,1134.884608,7.35,579.24,1063.75,1115.46,1088.38,1960.72,4.19,489.45,1014.04,703.22,1639.88,24.63,57.43,-37.95
C2VV_T7_Orange-Pink_20241119_1017_0_merged_005_1235.9s-1259.7s.mp4__Negative_call003.wav,Whine,Negative,1137.374998,2.02,617.78,647.95,675.15,657.84,1678.88,3.36,473.58,716.2,443.98,2253.24,27.95,53.17,-24.09
C2VV_T8_Green-line_20241206_1019_0_merged_002_116.5s-320.7s.mp4__Negative_call006.wav,Whine,Negative,1137.510452,5.99,605.24,1050.64,1142.0,577.85,2237.88,3.14,599.09,972.78,702.8,1732.69,26.39,51.61,-59.89
C2VV_T7_Green-Blue_20241117_1525_0_merged_002_101.9s-157.5s.mp4__Negative_call004.wav,Whine,Negative,1137.619618,2.17,619.75,638.16,1107.35,627.57,1893.6,3.43,565.26,652.85,305.1,1354.14,30.39,53.64,-8.51
C2VV_T10_Blue_20250123_1216_0_period_004_164.5s-181.7s.mp4__Negative_call001.wav,Whine,Negative,1137.972302,7.06,645.77,699.0,950.4,636.71,2257.66,3.46,667.66,1241.16,936.17,3371.01,27.74,53.15,-36.89
C2VV_T9_Natural2_20241219_1343_0_merged_002_131.6s-385.0s.mp4__Negative_call008.wav,Whine,Negative,1138.067978,2.19,838.54,852.67,859.51,840.36,3378.67,3.17,805.76,917.06,594.93,2121.17,24.15,47.4,-53.55
C2VV_T11_Blue_20250206_1351_0_period_048_3839.5s-3887.2s.mp4__Negative_call001.wav,Whine,Negative,1141.222934,0.77,808.89,827.09,841.4,823.19,5630.47,4.27,623.64,876.99,566.67,3555.48,22.11,57.87,-1.07
C2VV_T8_Green-line_20241206_1019_0_merged_002_116.5s-320.7s.mp4__Negative_call005.wav,Whine,Negative,1141.689531,3.87,570.34,604.73,647.38,608.86,2293.11,2.59,555.98,905.09,596.06,1146.85,25.98,41.62,-33.51
pc_c97c74765781d796__C2VV_T10_White_20250119_1017__335.734s-337.296s,Whine,Positive,1142.260282,1.562,647.24,680.53,772.72,682.45,3748.16,4.07,654.13,831.62,547.83,3221.44,27.21,58.26,-27.52
C2VV_T9_Blue2_20241218_1231_0_period_003_287.1s-794.5s.mp4__Negative_call008.wav,Whine,Negative,1142.95398,3.93,686.83,913.48,943.28,929.53,3458.93,3.41,792.44,1158.05,763.16,3586.42,29.92,60.99,-17.66
C2VV_T7_Green-Blue_20241116_1322_0_period_009_1438.8s-1460.9s.mp4__Negative_call001.wav,Whine,Negative,1144.054462,1.3,380.93,662.01,694.27,663.55,2483.35,4.49,419.78,777.65,503.42,3910.84,18.82,61.44,-16.14
C2VV_T8_Green-line_20241203_1014_0_merged_014_2316.6s-2515.5s.mp4__Negative_call003.wav,Whine,Negative,1145.359608,3.61,562.43,657.51,756.2,559.66,3085.29,3.08,701.09,917.88,487.68,2089.57,24.95,52.53,-48.95
C2VV_T7_Pink-Green_20241116_1116_0_merged_052_3046.5s-3065.4s.mp4__Negative_call001.wav,Whine,Negative,1147.207926,2.93,1058.81,1105.55,1198.02,1100.78,2297.19,4.28,1072.02,1412.96,1097.51,5711.42,21.67,67.56,-18.46
C2VV_T10_Green_20250123_1012_0_merged_002_369.9s-684.9s.mp4__Negative_call001.wav,Whine,Negative,1147.747656,1.24,448.56,517.26,1231.74,488.98,3944.72,4.9,530.95,1024.43,707.38,4337.11,23.84,66.27,-10.75
C2VV_T7_Green-Blue_20241121_1150_0_merged_002_429.5s-728.3s.mp4__Negative_call034.wav,Alarm,Negative,1147.858605,4.63,951.61,1006.9,1056.79,1002.79,2114.17,4.61,627.23,1278.0,969.24,5905.37,23.11,64.25,-88.24
C2VV_T9_Blue2_20241216_1111_0_period_003_125.6s-665.9s.mp4__Negative_call001.wav,Whine,Negative,1148.736231,4.76,579.36,952.01,1231.61,586.29,2715.99,4.41,587.55,1034.58,741.5,3196.6,25.94,59.24,-37.39
C2VV_T7_Pink-Green_20241116_1116_0_merged_052_3446.5s-3458.2s.mp4__Negative_call001.wav,Whine,Negative,1152.254347,3.04,1061.21,1091.78,1125.32,1091.45,1943.64,3.58,953.7,1302.33,1012.4,4483.06,25.64,61.31,-18.76
C2VV_T9_Green2_20241220_1010_0_period_024_1960.4s-1984.6s.mp4__Negative_call001.wav,Whine,Negative,1152.806205,2.45,841.67,867.82,887.84,871.09,3960.34,3.18,801.42,990.28,461.65,3450.52,29.01,58.63,-8.63
C2VV_T11_Pink_20250206_1055_0_period_014_2583.9s-3224.5s.mp4__Negative_call003.wav,Whine,Negative,1153.157164,3.35,593.83,614.14,633.26,586.36,2380.04,2.26,648.65,843.8,282.1,1301.93,28.38,44.06,-33.9
C2VV_T9_Blue2_20241215_1039_0_period_005_1236.9s-1436.2s.mp4__Negative_call007.wav,Whine,Negative,1154.213402,5.31,589.14,654.08,979.52,591.97,3194.84,3.52,770.01,1124.06,815.61,3201.59,28.23,53.46,-45.96
C2VV_T9_Blue2_20241218_1231_0_merged_007_2435.3s-2764.3s.mp4__Negative_call006.wav,Whine,Negative,1156.688595,11.01,990.95,1045.6,1382.51,1027.17,2283.49,4.09,467.23,1383.92,1079.56,1443.77,28.96,54.29,-45.38
C2VV_T9_Blue2_20241216_1111_0_period_006_810.0s-835.3s.mp4__Negative_call001.wav,Whine,Negative,1158.279826,5.46,642.31,989.93,1293.59,475.09,2565.16,3.65,706.56,1150.24,806.87,2926.79,27.2,58.24,-31.62
C2VV_T10_Green_20250122_1324_0_period_002_354.5s-370.9s.mp4__Negative_call001.wav,Whine,Negative,1159.235835,1.93,649.14,907.76,988.97,988.45,2911.87,4.41,558.91,948.92,639.28,4632.92,24.05,66.21,-63.26
C2VV_T9_Blue2_20241218_1231_0_merged_001_78.5s-255.7s.mp4__Negative_call001.wav,Whine,Negative,1160.283474,0.82,988.72,999.72,1026.6,991.16,3480.8,2.55,1010.39,1116.48,193.53,2319.64,26.89,46.44,-14.54
C2VV_T9_Blue2_20241215_1039_0_merged_001_79.5s-552.3s.mp4__Negative_call002.wav,Whine,Negative,1160.675803,2.71,555.08,1128.57,1193.76,1170.93,2584.86,4.03,516.63,655.92,346.23,1821.64,26.15,53.04,-25.28
C2VV_T9_Natural2_20241219_1343_0_merged_002_131.6s-385.0s.mp4__Negative_call002.wav,Whine,Negative,1160.892932,2.98,809.33,840.26,864.79,841.94,2855.74,2.99,838.75,1035.58,341.7,2095.31,27.56,49.24,-41.58
C2VV_T7_Green-Blue_20241116_1322_0_merged_003_1055.2s-1303.1s.mp4__Negative_call002.wav,Whine,Negative,1166.981633,1.71,430.21,545.36,578.09,567.57,2406.94,4.16,530.59,631.75,320.9,3488.99,15.2,61.67,-27.15
C2VV_T7_Green-Blue_20241121_1150_0_merged_002_429.5s-728.3s.mp4__Negative_call020.wav,Alarm,Negative,1167.888254,2.98,1176.69,1275.84,1278.52,1276.17,2228.77,4.58,696.67,1366.57,1040.72,5059.51,21.85,59.99,-127.87
C2VV_T7_Green-Blue_20241114_1335_0_period_022_3458.4s-3610.3s.mp4__Negative_call001.wav,Whine,Negative,1169.229846,1.82,570.53,593.61,620.0,593.61,2220.58,3.57,586.77,672.37,360.34,3043.02,21.16,62.66,-16.86
C2VV_T6_Natural_20241106_1107_0_merged_023_2652.5s-2699.5s.mp4__Negative_call001.wav,Alarm,Negative,1170.907997,1.19,527.34,586.77,806.92,561.66,2309.29,4.92,502.28,625.66,278.2,5040.65,3.35,66.96,-24.47
C2VV_T7_Blue-Pink_20241121_1300_0_merged_008_2378.2s-2583.3s.mp4__Negative_call004.wav,Whine,Negative,1171.207965,3.42,1181.04,1335.65,1644.86,1602.48,2360.96,5.01,480.0,1460.36,1138.17,2517.5,20.46,60.35,-60.63
C2VV_T7_Green-Blue_20241120_1207_0_merged_016_885.3s-899.7s.mp4__Negative_call001.wav,Alarm,Negative,1172.890823,1.57,1208.68,1213.76,1248.69,1211.86,2372.33,4.57,492.64,1028.9,731.38,3196.47,23.5,57.8,-109.87
C2VV_T11_Blue_20250207_1222_0_merged_001_112.5s-201.7s.mp4__Negative_call001.wav,Whine,Negative,1173.173908,2.6,657.22,674.51,682.57,676.04,3008.94,3.71,666.11,819.82,497.48,1955.96,21.51,59.92,-69.26
C2VV_T7_Pink-Green_20241114_1122_0_merged_020_987.2s-1004.7s.mp4__Negative_call001.wav,Whine,Negative,1173.604405,1.75,1143.2,1202.74,1219.91,1213.04,2295.53,3.83,946.69,1363.87,1076.44,4935.35,24.04,64.12,-14.02
C2VV_T8_Pink-line_20241206_1346_0_period_011_1333.5s-1359.4s.mp4__Negative_call001.wav,Whine,Negative,1173.636459,1.27,872.15,896.58,953.3,893.42,5096.7,4.64,839.27,1142.54,816.91,5382.31,20.88,59.09,-76.37
C2VV_T8_Green-line_20241205_1001_0_merged_005_841.7s-1148.9s.mp4__Negative_call004.wav,Whine,Negative,1178.761007,3.24,604.83,616.88,636.04,605.14,2779.1,2.78,635.41,1167.86,895.07,1517.52,22.25,39.56,-49.0
C2VV_T6_Natural_20241108_1122_0_merged_008_1944.1s-2055.3s.mp4__Negative_call003.wav,Whine,Negative,1179.194146,1.52,787.25,848.97,938.93,850.94,1902.94,4.05,632.38,985.65,686.9,5121.16,22.65,63.69,-0.11
C2VV_T7_Pink-Green_20241118_1126_0_merged_018_4132.3s-4285.1s.mp4__Negative_call001.wav,Alarm,Negative,1179.505177,1.23,358.5,562.2,787.89,374.8,2539.4,5.02,405.99,690.48,382.46,3692.1,3.67,66.0,-36.44
C2VV_T8_Green-line_20241206_1019_0_period_002_146.5s-168.4s.mp4__Negative_call001.wav,Whine,Negative,1180.954596,2.49,612.52,622.17,718.3,612.12,2331.1,2.97,602.76,916.24,643.78,2893.15,28.96,56.31,-53.95
C2VV_T7_Green-Blue_20241120_1207_0_period_019_2813.8s-2846.4s.mp4__Negative_call001.wav,Whine,Negative,1182.166171,1.13,286.25,390.5,701.49,379.9,2689.93,4.98,443.25,933.21,624.52,5349.96,6.18,64.94,-39.92
C2VV_T9_Green2_20241219_1241_0_merged_002_75.6s-192.8s.mp4__Negative_call007.wav,Whine,Negative,1183.35838,3.16,610.19,625.39,772.08,621.91,2609.0,3.27,724.96,1080.95,626.18,3253.5,26.77,54.18,-61.32
C2VV_T10_White_20250119_1017_0_merged_030_3162.2s-3261.4s.mp4__Negative_call001.wav,Whine,Negative,1183.685786,3.16,797.44,836.67,866.08,843.62,4037.84,3.87,510.1,927.31,610.23,3344.19,27.2,58.68,-10.01
C2VV_T6_Natural_20241106_1107_0_merged_017_2023.8s-2051.7s.mp4__Negative_call001.wav,Whine,Negative,1187.562822,3.25,1120.02,1192.29,1374.96,1190.45,2563.47,4.98,502.6,1192.92,912.03,3119.69,21.53,64.73,-55.26
C2VV_T8_Green-line_20241202_1032_0_period_029_2633.0s-2879.0s.mp4__Negative_call004.wav,Whine,Negative,1187.881604,4.43,712.88,759.42,791.96,737.73,3495.08,3.31,745.57,1080.35,782.18,2466.63,29.15,51.63,-42.05
C2VV_T9_Green2_20241220_1010_0_merged_005_1127.1s-1292.1s.mp4__Negative_call001.wav,Whine,Negative,1188.728157,2.3,785.89,837.68,876.4,876.84,3808.74,3.05,750.87,911.9,505.03,3200.37,27.2,55.92,-23.02
C2VV_T9_Natural2_20241219_1343_0_merged_008_2019.7s-2499.0s.mp4__Negative_call008.wav,Whine,Negative,1191.099765,5.59,642.43,654.41,898.97,641.71,2393.3,2.95,522.49,979.61,699.25,1645.43,26.92,44.01,-27.74
C2VV_T10_White_20250119_1017_0_period_012_1267.2s-1303.3s.mp4__Ambiguous_call001.wav,Whine,Ambiguous,1199.342033,1.93,828.71,830.26,845.84,829.74,4110.44,3.39,649.97,912.39,559.74,2883.9,28.56,51.92,-53.29
C2VV_T9_Green2_20241214_1038_0_period_002_198.7s-243.6s.mp4__Negative_call001.wav,Whine,Negative,1200.964391,3.04,832.81,908.58,953.71,931.97,3447.81,3.4,845.95,1071.72,515.03,4605.68,30.14,63.25,-52.74
C2VV_T7_Green-Blue_20241116_1322_0_period_014_2693.6s-2713.5s.mp4__Negative_call001.wav,Whine,Negative,1203.020796,4.84,570.48,1056.18,1084.09,1062.17,1737.51,3.85,522.5,606.21,295.35,1420.96,26.78,56.96,-38.0
C2VV_T7_Pink-Green_20241122_0919_0_merged_010_1224.3s-1276.0s.mp4__Negative_call003.wav,Whine,Negative,1204.959115,2.56,1071.63,1105.95,1125.06,1108.29,2128.27,3.67,907.76,1219.96,905.42,4428.8,24.96,54.6,-28.55
pc_dab5177115567c7d__C2VV_T6_Green_20241104_1214__181.004s-181.338s,Cluck,Positive,1208.07674,0.334,347.29,562.85,748.47,236.52,2417.75,4.84,718.84,736.24,36.82,1226.02,0.0,68.86,-31.04
C2VV_T9_Natural2_20241219_1343_0_merged_002_131.6s-385.0s.mp4__Negative_call007.wav,Whine,Negative,1209.476301,3.72,894.03,960.44,985.99,969.32,2993.94,3.23,876.78,1026.8,502.47,2930.97,27.56,55.93,-50.96
C2VV_T7_Blue-Pink_20241119_1318_0_merged_024_3212.0s-3279.9s.mp4__Negative_call001.wav,Whine,Negative,1212.06611,2.98,1165.6,1264.75,1608.59,1245.26,2470.8,4.66,397.14,682.35,354.66,763.28,21.85,55.29,-69.1
C2VV_T7_Pink-Green_20241118_1126_0_merged_019_4307.8s-4369.9s.mp4__Negative_call001.wav,Whine,Negative,1212.363098,3.64,1077.72,1108.73,1117.78,1113.39,1760.66,3.14,737.3,1211.58,906.3,3364.6,29.91,53.36,-20.37
C2VV_T10_Blue_20250120_1253_0_merged_003_1408.6s-1594.0s.mp4__Negative_call006.wav,Whine,Negative,1213.139423,4.95,874.77,979.09,1021.14,1003.96,2341.78,2.91,909.24,1275.84,1003.52,4088.3,28.1,56.2,-28.22
C2VV_T9_Blue2_20241220_1215_0_period_003_800.0s-846.8s.mp4__Negative_call001.wav,Whine,Negative,1213.360147,3.8,675.79,721.56,824.68,692.63,4023.04,4.06,750.14,1042.49,736.7,3407.45,25.38,55.5,-61.65
C2VV_T8_Pink-Green2_20241130_1204_0_period_030_3576.8s-3613.2s.mp4__Negative_call001.wav,Whine,Negative,1214.763554,2.23,579.95,839.5,1107.55,564.29,3347.73,4.07,544.08,776.9,414.0,2677.63,26.18,61.75,-37.35
C2VV_T10_Blue_20250119_1234_0_period_004_2229.0s-2248.7s.mp4__Negative_call001.wav,Whine,Negative,1219.156943,2.37,1082.51,1108.67,1135.67,1107.83,4440.63,3.8,1025.34,1230.73,916.11,3239.52,24.05,62.01,-70.66
C2VV_T9_Blue2_20241218_1231_0_period_006_2371.1s-2395.6s.mp4__Negative_call001.wav,Whine,Negative,1220.346838,10.38,511.89,1312.67,1432.06,482.3,2313.11,4.05,494.89,978.83,656.6,2059.05,28.57,55.89,-32.08
C2VV_T8_Pink-Green2_20241204_1112_0_period_002_134.9s-148.1s.mp4__Negative_call001.wav,Whine,Negative,1220.893633,2.49,609.55,785.43,1113.09,593.49,2915.31,3.54,624.24,847.33,549.56,3215.76,27.31,53.41,-26.18
C2VV_T7_Pink-Green_20241116_1116_0_period_012_986.5s-1018.3s.mp4__Ambiguous_call001.wav,Whine,Ambiguous,1222.296809,0.32,237.74,374.05,630.82,310.65,3546.73,4.94,520.87,520.87,0.0,0.0,0.0,60.23,-33.05
C2VV_T7_Pink-Green_20241118_1126_0_merged_005_1003.5s-1157.5s.mp4__Negative_call002.wav,Whine,Negative,1223.435573,2.64,1080.97,1141.68,1227.8,1263.85,2240.84,4.3,1074.96,1369.04,1045.22,5721.63,23.33,67.92,-9.21
C2VV_T7_Green-Blue_20241119_1219_0_merged_051_2421.2s-2443.7s.mp4__Negative_call001.wav,Whine,Negative,1224.060498,1.86,705.89,901.34,968.64,967.57,2428.03,4.54,474.57,1016.2,712.34,4748.22,15.35,58.69,-106.97
C2VV_T7_Blue-Pink_20241119_1318_0_merged_008_1646.7s-1864.8s.mp4__Negative_call005.wav,Whine,Negative,1226.347281,3.16,741.48,761.41,1455.75,740.85,1938.22,3.35,559.55,809.61,481.48,1030.69,27.52,42.7,-57.81
C2VV_T8_Green-line_20241128_1016_0_merged_002_528.5s-710.1s.mp4__Negative_call001.wav,Whine,Negative,1228.835756,3.24,627.08,705.27,806.03,701.56,3616.36,3.55,623.97,863.06,553.19,3052.45,26.58,57.02,-38.76
C2VV_T9_Natural2_20241219_1343_0_merged_015_1719.6s-1758.5s.mp4__Negative_call001.wav,Whine,Negative,1229.709518,2.65,711.22,776.81,807.33,776.43,3954.89,3.01,779.82,1154.59,833.03,2787.35,29.78,55.03,-39.92
C2VV_T7_Pink-Green_20241116_1116_0_period_042_3070.2s-3110.6s.mp4__Negative_call002.wav,Whine,Negative,1232.382869,3.28,1115.24,1140.84,1168.87,1161.56,2170.88,3.35,1043.65,1325.76,1045.06,3796.21,28.64,58.96,-53.43
C2VV_T8_Pink-Green2_20241204_1112_0_merged_011_3396.0s-4056.1s.mp4__Negative_call013.wav,Whine,Negative,1234.081752,4.72,550.89,826.76,1120.83,535.43,3212.35,3.76,541.44,703.71,254.71,675.63,24.67,44.35,-33.5
C2VV_T7_Orange-Pink_20241118_1021_0_merged_005_489.5s-524.0s.mp4__Negative_call001.wav,Whine,Negative,1238.893776,2.14,550.41,563.49,580.78,542.0,2196.98,3.85,564.69,686.09,346.61,2477.78,20.32,60.74,-69.71
C2VV_T7_Green-Blue_20241116_1322_0_merged_002_92.4s-114.2s.mp4__Negative_call001.wav,Whine,Negative,1238.960668,2.39,490.31,507.43,996.91,506.6,1951.14,3.44,497.56,580.15,244.2,1330.52,26.52,54.08,-2.97
C2VV_T9_Blue2_20241218_1231_0_merged_007_2435.3s-2764.3s.mp4__Negative_call010.wav,Whine,Negative,1240.696007,3.67,512.52,646.03,1178.72,523.97,2763.51,3.58,619.26,1058.05,707.42,2695.47,27.25,51.91,-58.09
C2VV_T7_Green-Blue_20241121_1150_0_merged_002_429.5s-728.3s.mp4__Negative_call010.wav,Whine,Negative,1241.281055,5.5,1064.27,1177.45,1238.68,1196.71,2662.27,4.5,579.56,1260.29,967.05,2338.81,25.62,60.77,-35.21
C2VV_T9_Blue2_20241215_1039_0_merged_008_2320.2s-2516.6s.mp4__Negative_call001.wav,Whine,Negative,1242.904281,3.31,664.65,714.5,809.37,677.04,3497.0,3.72,736.98,1090.37,683.83,3048.3,30.97,57.25,-25.12
C2VV_T8_Pink-Green2_20241129_1216_0_period_003_465.8s-484.3s.mp4__Ambiguous_call001.wav,Whine,Ambiguous,1245.007253,1.03,510.82,587.25,861.04,511.79,4149.74,4.49,509.24,772.97,451.86,3494.07,29.02,70.63,-60.04
C2VV_T7_Green-Blue_20241120_1207_0_merged_007_2189.8s-2254.7s.mp4__Negative_call001.wav,Whine,Negative,1245.272212,1.24,480.14,503.58,541.57,480.14,2021.93,3.82,488.25,626.71,298.38,3136.96,27.89,58.2,1.25
C2VV_T10_White_20250119_1017_0_merged_024_2529.5s-2605.6s.mp4__Negative_call001.wav,Whine,Negative,1245.702939,4.28,700.5,704.71,727.62,703.07,3101.65,3.17,668.7,883.12,569.97,1840.32,27.59,52.61,-36.18
C2VV_T8_Green-line_20241202_1032_0_period_003_337.5s-423.5s.mp4__Ambiguous_call001.wav,Whine,Ambiguous,1246.628863,0.74,471.87,650.66,1165.55,0.0,6465.75,6.15,570.9,744.05,377.65,4446.87,8.74,61.17,2.14
C2VV_T7_Green-Blue_20241120_1207_0_period_001_467.9s-486.9s.mp4__Negative_call001.wav,Whine,Negative,1252.118948,2.18,599.62,618.43,702.85,599.62,1928.4,3.47,571.19,760.78,431.95,2373.47,25.0,53.45,-16.8
C2VV_T6_Black_20241108_1023_0_merged_006_1861.7s-1874.1s.mp4__Negative_call001.wav,Whine,Negative,1254.094001,2.82,1232.45,1272.82,1300.08,1300.79,2372.43,3.72,451.45,902.42,594.63,1778.52,25.49,50.45,-57.47
C2VV_T7_Blue-Pink_20241120_1318_0_period_006_844.3s-866.8s.mp4__Negative_call001.wav,Whine,Negative,1255.250628,2.04,811.28,1191.41,1255.18,811.28,2292.02,3.93,481.17,834.88,456.17,742.97,26.49,49.05,-63.41
C2VV_T10_Pink_20250117_1008_0_period_007_1886.4s-1925.6s.mp4__Negative_call003.wav,Whine,Negative,1256.242951,3.26,729.14,737.74,821.51,735.28,2222.13,3.42,683.54,1026.75,693.11,2869.58,28.23,54.93,-38.83
C2VV_T7_Blue-Pink_20241121_1300_0_period_007_2256.7s-2316.5s.mp4__Negative_call001.wav,Whine,Negative,1262.745507,3.08,790.71,1172.9,1489.12,775.43,2092.97,3.8,453.84,780.95,446.05,711.82,27.46,48.91,-45.59
C2VV_T7_Green-Blue_20241120_1207_0_merged_025_1437.7s-1641.6s.mp4__Negative_call005.wav,Whine,Negative,1263.815863,1.82,488.34,875.72,978.88,477.92,2154.89,4.33,473.23,802.29,430.15,1537.1,21.12,58.71,-17.66
C2VV_T7_Green-Blue_20241117_1525_0_merged_008_611.3s-621.2s.mp4__Negative_call001.wav,Whine,Negative,1268.136417,1.31,651.27,665.01,684.1,677.99,2003.17,3.78,391.99,689.72,392.09,2336.43,24.05,56.5,-6.33
C2VV_T7_Green-Blue_20241116_1322_0_merged_003_1055.2s-1303.1s.mp4__Negative_call006.wav,Whine,Negative,1270.245219,2.68,570.63,592.66,638.59,592.29,2274.84,4.21,520.9,682.96,406.53,3164.31,15.5,59.75,-21.62
C2VV_T7_Pink-Green_20241116_1116_0_merged_001_271.1s-335.9s.mp4__Negative_call002.wav,Whine,Negative,1270.473133,1.85,1136.16,1185.32,1202.61,1195.59,2526.58,3.99,915.71,1469.11,1154.54,4595.75,22.96,61.59,-52.31
C2VV_T7_Green-Blue_20241121_1150_0_merged_011_2346.8s-2635.5s.mp4__Negative_call006.wav,Whine,Negative,1272.609305,2.05,539.72,594.47,640.92,610.12,1874.19,4.18,580.28,722.66,450.44,4707.51,20.29,66.98,-11.63
C2VV_T7_Pink-Green_20241114_1122_0_merged_003_1274.9s-1466.6s.mp4__Negative_call001.wav,Whine,Negative,1273.423448,1.71,553.54,1093.64,1204.12,1163.2,2578.26,4.48,802.33,1366.17,1058.11,6246.76,17.83,67.22,-6.53
C2VV_T8_Green-line_20241128_1016_0_period_006_861.0s-883.9s.mp4__Negative_call001.wav,Whine,Negative,1277.022938,4.12,596.08,626.19,657.02,591.22,2378.39,2.5,676.46,1056.71,532.67,1709.47,29.74,40.67,-23.34
C2VV_T7_Green-Blue_20241121_1150_0_merged_013_3100.4s-3494.0s.mp4__Negative_call007.wav,Whine,Negative,1277.701603,3.53,497.86,612.77,1040.43,497.01,2250.93,4.46,517.35,622.78,314.6,2105.96,20.38,62.97,-24.53
C2VV_T8_Green-line_20241205_1001_0_period_017_1714.7s-1739.7s.mp4__Negative_call001.wav,Whine,Negative,1280.381927,5.1,1102.26,1116.56,1139.88,1101.28,2415.16,2.95,565.91,721.02,199.49,773.69,25.18,45.56,-79.31
C2VV_T7_Green-Blue_20241121_1150_0_merged_013_3100.4s-3494.0s.mp4__Negative_call001.wav,Whine,Negative,1280.420668,1.64,509.65,556.7,624.54,590.31,2187.66,4.5,521.07,711.9,412.57,3456.73,14.06,65.08,-13.34
C2VV_T7_Blue-Pink_20241122_1124_0_merged_009_1838.2s-2085.7s.mp4__Negative_call007.wav,Whine,Negative,1281.115581,2.31,1117.59,1408.16,1471.91,1446.32,2075.17,4.2,479.91,715.11,394.97,1113.05,25.15,55.08,-60.36
C2VV_T7_Green-Blue_20241121_1150_0_merged_011_2346.8s-2635.5s.mp4__Negative_call007.wav,Whine,Negative,1282.696863,1.82,456.55,593.73,641.47,591.53,2287.73,4.64,537.72,1142.29,836.89,5449.03,12.62,66.95,-25.93
C2VV_T8_Green-line_20241203_1014_0_merged_014_2316.6s-2515.5s.mp4__Negative_call001.wav,Whine,Negative,1288.112801,0.52,812.36,964.08,983.29,979.45,5691.64,4.72,689.26,982.48,665.65,4474.4,17.28,54.73,1.49
C2VV_T8_Green-line_20241203_1014_0_merged_016_2979.0s-3145.5s.mp4__Negative_call001.wav,Whine,Negative,1288.276163,3.42,892.28,899.0,902.21,901.04,3976.42,2.87,843.52,1129.12,793.94,2857.66,28.06,51.88,-57.89
C2VV_T7_Orange-Pink_20241118_1021_0_merged_043_3049.7s-3070.5s.mp4__Negative_call001.wav,Whine,Negative,1289.940552,2.4,624.53,635.36,677.41,626.2,2096.42,4.49,444.12,802.21,517.37,3731.43,14.16,63.7,-47.34
C2VV_T8_Green-line_20241203_1014_0_merged_004_748.0s-927.5s.mp4__Negative_call004.wav,Whine,Negative,1290.322899,4.46,569.2,579.06,779.32,564.28,3470.53,2.53,705.75,977.39,525.27,2051.91,31.36,45.36,-55.4
C2VV_T10_Pink_20250117_1008_0_period_004_943.9s-1411.7s.mp4__Negative_call005.wav,Whine,Negative,1299.373492,2.12,804.75,841.07,908.06,811.36,3138.54,3.85,670.3,1041.61,727.07,3450.88,28.07,59.44,-44.22
C2VV_T9_Green2_20241220_1010_0_merged_008_545.9s-570.4s.mp4__Negative_call001.wav,Whine,Negative,1302.267075,3.94,668.07,680.78,838.08,679.51,2506.94,2.87,776.61,1034.49,476.95,2871.8,31.51,54.38,-41.59
C2VV_T7_Pink-Green_20241114_1122_0_merged_003_186.5s-202.3s.mp4__Negative_call001.wav,Whine,Negative,1305.393502,2.21,1109.31,1161.44,1192.27,1162.8,2303.91,4.02,1027.57,1348.53,1030.98,5128.82,22.44,58.71,-39.42
C2VV_T9_Blue2_20241216_1111_0_merged_010_2671.6s-2683.6s.mp4__Negative_call001.wav,Whine,Negative,1305.438819,0.37,694.51,758.87,844.67,820.54,5293.28,4.9,671.19,891.95,578.64,7016.74,22.79,73.74,-109.21
C2VV_T7_Green-Blue_20241122_1023_0_period_014_1583.5s-1609.0s.mp4__Negative_call001.wav,Alarm,Negative,1305.610117,1.82,936.18,1006.04,1107.79,1006.59,2125.11,4.6,723.34,1171.93,868.35,6786.12,21.73,69.03,-41.91
C2VV_T7_Green-Blue_20241120_1207_0_merged_007_1841.8s-2056.7s.mp4__Negative_call002.wav,Whine,Negative,1305.622071,1.8,462.09,637.47,716.53,635.8,2909.87,4.87,418.55,685.42,375.48,2767.85,8.91,72.1,-43.88
C2VV_T7_Green-Blue_20241118_1428_0_merged_003_2870.4s-2889.6s.mp4__Negative_call001.wav,Whine,Negative,1307.755212,2.52,615.42,627.75,634.5,627.75,1867.7,3.18,544.33,702.36,418.74,2363.58,27.63,46.71,-14.62
C2VV_T8_Green-line_20241203_1014_0_merged_004_748.0s-927.5s.mp4__Negative_call003.wav,Whine,Negative,1308.895469,1.97,854.84,859.4,872.59,858.39,4887.43,3.52,825.03,953.11,531.75,2497.38,23.34,52.51,-55.54
C2VV_T6_Green_20241107_1210_0_period_005_1051.7s-1063.0s.mp4__Negative_call001.wav,Alarm,Negative,1313.018795,0.33,657.49,724.14,1202.86,702.93,1920.89,5.28,576.23,734.72,370.34,3580.82,7.57,51.51,-60.05
C2VV_T7_Green-Blue_20241121_1150_0_merged_011_2346.8s-2635.5s.mp4__Negative_call001.wav,Whine,Negative,1319.830983,1.52,533.82,667.61,1161.42,531.2,1956.26,4.14,536.71,728.82,417.63,2431.29,25.9,56.73,-3.98
C2VV_T6_Natural_20241107_1007_0_merged_013_1523.2s-1564.8s.mp4__Negative_call001.wav,Whine,Negative,1326.053558,1.65,446.24,766.55,846.47,882.19,2401.21,4.64,568.95,912.92,590.5,6338.49,10.29,66.91,-9.1
C2VV_T10_Blue_20250119_1234_0_period_005_2271.7s-2301.8s.mp4__Negative_call001.wav,Whine,Negative,1326.2119,2.03,1032.2,1081.35,1160.49,1191.95,4698.94,3.83,1006.48,1247.29,936.36,3893.85,26.79,60.7,-15.77
C2VV_T10_White_20250119_1017_0_period_033_2622.7s-2691.8s.mp4__Negative_call001.wav,Whine,Negative,1327.138238,2.75,691.09,706.72,759.77,691.46,3930.21,3.68,737.87,1031.44,697.48,3152.92,26.16,56.68,-55.27
C2VV_T7_Green-Blue_20241119_1219_0_merged_047_2300.2s-2302.8s.mp4__Negative_call001.wav,Whine,Negative,1329.56891,1.23,628.63,737.6,816.49,752.24,2181.57,4.66,738.21,998.75,685.51,5295.99,14.64,65.47,-4.31
C2VV_T10_White_20250119_1017_0_period_005_615.6s-630.6s.mp4__Negative_call001.wav,Whine,Negative,1332.133511,1.97,674.37,681.98,704.8,677.92,3400.22,3.24,711.32,865.2,393.96,2984.35,27.63,59.07,-51.41
C2VV_T7_Green-Blue_20241117_1525_0_merged_018_2312.7s-2321.6s.mp4__Negative_call001.wav,Alarm,Negative,1332.580503,2.6,806.79,919.3,1081.5,811.03,1813.65,4.72,530.93,1315.14,1000.48,5691.79,17.53,55.67,-78.69
C2VV_T7_Green-Blue_20241122_1023_0_period_019_1919.2s-1932.6s.mp4__Negative_call001.wav,Whine,Negative,1337.442403,3.57,1012.11,1124.04,1206.87,1124.6,2267.46,4.23,590.78,1187.98,895.19,2783.14,22.67,59.88,-25.52
C2VV_T6_Green_20241105_0957_0_period_045_576.2s-586.4s.mp4__Negative_call001.wav,Whine,Negative,1339.201002,2.89,589.28,650.49,1253.95,565.77,2559.75,3.98,562.88,667.37,395.88,905.23,27.49,53.26,-9.53
C2VV_T9_Green2_20241214_1038_0_period_007_563.5s-579.5s.mp4__Ambiguous_call001.wav,Whine,Ambiguous,1339.256886,2.07,896.96,921.15,956.47,905.67,3222.95,3.15,832.03,1099.56,672.01,4236.43,30.48,56.36,-14.12
C2VV_T10_White_20250119_1017_0_period_007_1033.5s-1094.8s.mp4__Negative_call001.wav,Whine,Negative,1343.659483,5.95,541.8,643.3,1136.36,487.18,2839.5,3.82,611.98,976.27,625.44,2773.87,27.39,57.39,-43.74
C2VV_T6_Green_20241108_1337_0_merged_003_345.7s-357.5s.mp4__Negative_call001.wav,Alarm,Negative,1347.43948,1.41,794.84,838.96,860.31,859.6,1910.09,3.89,437.81,941.86,629.6,2709.77,28.11,53.01,-42.57
C2VV_T9_Blue2_20241216_1111_0_merged_004_875.1s-1143.3s.mp4__Negative_call007.wav,Whine,Negative,1348.959354,3.66,645.99,689.2,760.04,691.66,3517.22,3.32,698.16,989.25,503.49,2230.61,28.31,50.73,-42.24
C2VV_T8_Green-line_20241202_1032_0_merged_009_1232.7s-1342.0s.mp4__Negative_call002.wav,Whine,Negative,1351.502289,6.17,1080.22,1166.56,1220.98,1179.84,2380.69,3.24,547.82,732.18,455.19,1405.93,27.7,49.24,-41.76
C2VV_T10_Blue_20250123_1216_0_period_014_3046.8s-3069.0s.mp4__Negative_call001.wav,Cluck,Negative,1352.772465,1.35,644.9,896.19,938.44,911.01,3821.04,4.81,503.96,904.9,604.98,2943.62,18.53,58.93,-113.4
C2VV_T9_Green2_20241220_1010_0_period_022_1779.3s-1822.0s.mp4__Negative_call001.wav,Whine,Negative,1354.326283,2.49,793.45,896.7,942.49,914.37,4075.1,3.82,800.29,1023.96,579.67,4408.16,28.12,62.47,-16.37
C2VV_T10_Blue_20250119_1234_0_period_014_3018.5s-3053.0s.mp4__Negative_call001.wav,Whine,Negative,1358.852678,2.18,1037.09,1070.07,1138.32,1066.4,4832.8,3.45,917.46,1201.99,903.46,2412.12,26.57,53.6,-29.48
C2VV_T9_Blue2_20241220_1215_0_merged_009_2035.6s-2182.4s.mp4__Negative_call006.wav,Whine,Negative,1359.547413,3.44,528.66,1066.63,1466.25,504.54,3364.38,4.61,571.9,996.94,615.07,2592.22,26.59,60.45,-61.76
C2VV_T9_Green2_20241220_1010_0_merged_020_1329.6s-1525.4s.mp4__Negative_call003.wav,Whine,Negative,1359.692887,2.38,895.7,997.37,1053.25,1052.83,3385.23,2.85,872.13,1135.18,800.59,2968.97,29.83,53.78,-12.65
C2VV_T8_Pink-Green2_20241202_1131_0_period_002_185.6s-207.8s.mp4__Negative_call001.wav,Whine,Negative,1360.472696,2.51,520.09,968.73,1061.33,485.76,3497.37,4.13,518.54,740.54,450.17,2972.56,30.34,58.28,-17.56
C2VV_T7_Green-Blue_20241119_1219_0_merged_010_3008.5s-3064.3s.mp4__Negative_call001.wav,Whine,Negative,1363.072813,2.11,571.52,709.9,770.56,726.96,2097.53,4.42,503.48,952.08,641.24,4328.5,16.11,66.11,-10.92
C2VV_T7_Pink-Green_20241116_1116_0_merged_014_1087.6s-1132.3s.mp4__Negative_call001.wav,Whine,Negative,1363.340338,3.1,1111.64,1132.26,1147.09,1130.65,2010.1,3.41,1054.08,1324.37,970.53,3348.15,23.04,56.23,-65.52
C2VV_T8_Pink-Green2_20241205_1105_0_merged_002_2124.4s-3632.1s.mp4__Negative_call050.wav,Whine,Negative,1365.963414,2.31,591.54,599.35,895.98,592.84,3196.81,3.54,552.42,904.43,592.03,1147.21,26.67,46.4,-28.78
C2VV_T11_Blue_20250207_1222_0_merged_001_112.5s-201.7s.mp4__Negative_call002.wav,Whine,Negative,1366.382521,2.53,609.33,645.71,659.94,645.71,2219.83,3.02,618.64,850.04,372.52,2027.52,29.66,50.42,-35.5
C2VV_T7_Blue-Pink_20241122_1124_0_merged_005_1057.7s-1105.4s.mp4__Negative_call005.wav,Alarm,Negative,1369.290197,1.63,1058.02,1083.84,1264.58,1062.32,2055.01,4.79,502.59,1256.6,945.69,4091.18,22.13,54.71,-82.58
C2VV_T7_Orange-Pink_20241119_1017_0_merged_005_1235.9s-1259.7s.mp4__Negative_call002.wav,Whine,Negative,1374.40289,1.99,615.38,637.46,784.53,615.88,1990.48,4.49,540.16,828.26,557.36,4519.8,17.32,64.5,-21.41
C2VV_T8_Green-line_20241203_1014_0_merged_006_716.4s-749.1s.mp4__Negative_call001.wav,Whine,Negative,1374.545342,4.05,713.81,805.56,967.12,801.37,2498.24,3.08,588.92,984.38,705.19,2396.24,27.01,54.39,-39.79
C2VV_T9_Natural2_20241219_1343_0_merged_002_131.6s-385.0s.mp4__Negative_call006.wav,Whine,Negative,1374.721063,2.68,873.86,890.29,923.15,877.97,3289.66,3.03,834.41,1293.54,891.1,2694.37,27.07,48.36,-54.12
C2VV_T9_Green2_20241214_1038_0_merged_004_355.3s-404.1s.mp4__Negative_call001.wav,Whine,Negative,1375.048894,2.51,864.14,931.41,1017.39,1006.24,3599.1,3.92,870.83,1126.85,600.32,4629.29,28.26,61.7,-25.82
C2VV_T10_Blue_20250119_1234_0_merged_006_2320.4s-2380.3s.mp4__Negative_call001.wav,Whine,Negative,1381.327825,1.86,977.59,1036.3,1139.18,1106.86,4807.61,4.32,836.54,1194.18,883.36,3837.68,21.54,61.13,-1.56
C2VV_T10_Pink_20250123_1114_0_period_002_2938.9s-2968.3s.mp4__Negative_call001.wav,Whine,Negative,1384.933638,2.41,839.09,844.07,856.96,844.07,3235.56,2.49,806.78,918.8,522.85,2254.8,28.26,43.85,-51.64
C2VV_T7_Blue-Pink_20241122_1124_0_merged_012_2312.6s-2507.5s.mp4__Negative_call004.wav,Whine,Negative,1386.555797,3.2,719.1,1361.6,1407.25,697.84,1999.59,3.32,488.59,743.46,437.62,1067.07,30.64,46.74,-29.6
C2VV_T7_Orange-Pink_20241119_1017_0_merged_019_2039.6s-2046.6s.mp4__Ambiguous_call001.wav,Cluck,Ambiguous,1389.58011,0.43,274.38,423.19,730.12,216.24,2485.24,4.95,350.43,396.05,78.42,1776.71,2.33,62.78,-107.49
C2VV_T9_Blue2_20241215_1039_0_merged_007_1837.9s-2020.5s.mp4__Negative_call002.wav,Whine,Negative,1390.220416,6.81,611.97,658.84,1134.6,645.47,2985.15,3.49,671.53,1020.71,590.47,2230.97,30.27,55.83,-17.91
C2VV_T9_Blue2_20241215_1039_0_period_014_2561.4s-2586.8s.mp4__Negative_call001.wav,Whine,Negative,1391.93153,2.22,853.36,926.76,975.4,928.11,3202.29,3.7,867.25,1077.74,773.54,4203.89,25.89,63.5,-27.48
C2VV_T8_Green-line_20241202_1032_0_merged_008_892.1s-1219.5s.mp4__Negative_call011.wav,Whine,Negative,1392.827027,8.48,1120.09,1166.54,1261.56,1145.55,2544.96,3.7,566.98,1294.3,994.96,1567.9,27.53,55.23,-79.75
C2VV_T10_Green_20250124_1329_0_merged_007_3520.8s-3635.9s.mp4__Negative_call009.wav,Whine,Negative,1395.044399,3.18,523.53,542.42,894.69,541.79,3199.03,3.89,510.1,822.18,529.69,2622.12,25.03,54.15,-54.58
C2VV_T7_Blue-Pink_20241121_1300_0_period_017_2934.3s-2966.4s.mp4__Negative_call001.wav,Whine,Negative,1395.314038,1.67,701.21,720.93,943.31,720.33,2064.64,3.74,704.04,1008.68,700.29,2410.2,23.01,57.99,-50.11
C2VV_T7_Green-Blue_20241121_1150_0_merged_002_429.5s-728.3s.mp4__Negative_call015.wav,Alarm,Negative,1397.616282,4.35,902.02,1026.58,1199.86,1021.98,2173.71,4.83,792.96,1328.55,1031.47,6306.5,19.42,63.43,-34.56
C2VV_T8_Pink-line_20241205_1325_0_merged_001_74.7s-178.1s.mp4__Ambiguous_call001.wav,Whine,Ambiguous,1398.613321,1.7,930.55,981.63,1002.77,929.97,3899.7,3.21,997.94,1162.33,273.41,3374.05,27.01,55.77,-23.74
C2VV_T9_Natural2_20241219_1343_0_merged_003_673.4s-719.6s.mp4__Negative_call002.wav,Whine,Negative,1403.914158,3.21,771.21,836.36,851.95,841.35,3172.15,3.14,801.71,978.73,668.31,2365.31,26.19,51.28,-39.98
C2VV_T7_Pink-Green_20241118_1126_0_merged_018_4132.3s-4285.1s.mp4__Negative_call006.wav,Alarm,Negative,1407.09732,0.63,464.99,629.48,917.33,597.85,2313.4,4.84,386.8,677.55,369.32,2309.3,2.37,64.06,-63.45
C2VV_T7_Green-Blue_20241117_1525_0_merged_014_844.7s-906.7s.mp4__Negative_call002.wav,Whine,Negative,1409.640192,1.82,697.44,791.27,984.98,790.72,2120.92,4.43,561.71,1023.26,713.59,3541.22,18.93,64.2,-4.8
C2VV_T8_Green-line_20241203_1014_0_merged_013_1774.0s-1831.1s.mp4__Negative_call001.wav,Whine,Negative,1412.553061,2.66,822.08,848.06,860.87,860.49,3720.98,2.94,779.99,1093.84,687.57,2584.63,30.13,48.96,-28.45
C2VV_T7_Green-Blue_20241121_1150_0_merged_002_429.5s-728.3s.mp4__Negative_call030.wav,Alarm,Negative,1414.741675,6.85,1071.35,1113.96,1124.61,1114.54,2223.91,4.31,805.75,1294.67,996.7,5773.87,21.89,57.27,-151.56
C2VV_T7_Pink-Green_20241114_1122_0_merged_010_2500.0s-2607.6s.mp4__Negative_call001.wav,Whine,Negative,1416.266013,1.82,1151.24,1236.29,1251.66,1251.66,2344.24,4.24,1094.39,1319.88,1022.13,4974.01,17.56,58.99,-36.59
C2VV_T7_Green-Blue_20241120_1207_0_merged_026_1694.5s-1734.7s.mp4__Negative_call001.wav,Whine,Negative,1419.262522,2.47,498.71,527.07,1004.32,503.17,1925.41,3.9,500.16,550.87,114.04,1034.07,24.92,58.74,-13.3
C2VV_T9_Natural2_20241219_1343_0_merged_003_673.4s-719.6s.mp4__Negative_call004.wav,Whine,Negative,1419.575862,5.04,605.83,633.41,1120.61,614.96,2459.78,3.34,581.09,876.37,594.34,1937.7,27.77,50.59,-39.57
C2VV_T8_Green-line_20241128_1016_0_merged_003_741.4s-834.1s.mp4__Negative_call001.wav,Whine,Negative,1423.595427,3.27,816.42,827.73,856.14,826.51,3797.95,2.52,829.94,1213.22,881.71,2177.77,31.17,40.18,-19.19
C2VV_T7_Green-Blue_20241117_1525_0_period_001_239.7s-265.1s.mp4__Negative_call001.wav,Whine,Negative,1429.058505,6.11,617.94,658.69,774.06,590.44,2016.46,3.66,529.48,872.46,597.17,2183.87,27.08,55.23,-6.76
C2VV_T10_White_20250119_1017_0_period_029_2374.1s-2409.0s.mp4__Negative_call001.wav,Whine,Negative,1434.011248,3.38,646.35,706.18,845.41,646.64,2832.53,3.19,689.35,867.72,329.9,1713.62,25.03,56.43,-53.19
C2VV_T6_Green_20241105_0957_0_period_087_1830.8s-1842.9s.mp4__Negative_call001.wav,Whine,Negative,1434.761087,1.75,650.26,719.34,764.44,719.91,2242.09,4.03,437.57,1174.72,866.33,2344.66,21.98,53.38,-8.7
C2VV_T6_Natural_20241101_1016_0_merged_001_121.5s-171.9s.mp4__Negative_call002.wav,Whine,Negative,1435.471329,3.22,690.49,999.86,1035.89,1033.4,1888.66,3.95,524.8,1068.55,746.98,2695.75,26.56,57.93,-37.0
C2VV_T8_Green-line_20241202_1032_0_merged_008_799.7s-818.8s.mp4__Negative_call001.wav,Whine,Negative,1435.486789,2.96,604.31,916.09,1141.73,604.98,2855.49,3.6,579.34,1027.85,719.47,2076.44,22.46,43.41,-38.88
C2VV_T9_Blue2_20241216_1111_0_merged_005_1153.7s-1220.1s.mp4__Negative_call001.wav,Whine,Negative,1437.287213,3.05,756.8,869.27,943.05,802.38,4367.98,3.42,761.1,1408.72,973.94,2906.87,28.04,56.56,-46.0
C2VV_T6_Natural_20241107_1007_0_merged_002_508.2s-522.5s.mp4__Negative_call001.wav,Whine,Negative,1442.541695,2.32,626.35,643.14,1215.24,638.83,2214.07,3.96,543.36,941.03,641.64,2844.86,26.47,52.09,-40.33
C2VV_T7_Blue-Pink_20241122_1124_0_merged_005_1057.7s-1105.4s.mp4__Negative_call010.wav,Alarm,Negative,1447.446879,3.05,1178.53,1190.02,1360.4,1187.72,2276.65,5.08,656.9,1429.49,1079.66,4243.11,13.62,61.39,-154.82
C2VV_T9_Blue2_20241218_1231_0_period_005_1062.5s-1080.0s.mp4__Negative_call001.wav,Whine,Negative,1448.816382,2.65,692.76,747.15,919.77,720.33,3522.4,3.64,689.63,999.14,690.64,3155.89,28.52,56.85,-37.18
C2VV_T7_Green-Blue_20241117_1525_0_merged_015_1571.6s-1614.1s.mp4__Negative_call001.wav,Whine,Negative,1449.938772,1.79,579.62,647.68,693.42,648.79,2197.7,4.34,448.04,744.7,436.31,2300.67,17.01,64.71,-3.3
C2VV_T7_Pink-Green_20241122_0919_0_merged_017_2229.8s-2312.6s.mp4__Negative_call004.wav,Whine,Negative,1451.02355,1.71,531.33,1125.21,1164.37,1163.79,2030.68,4.36,858.54,1278.86,910.91,6142.13,13.44,63.42,-18.04
C2VV_T8_Green-line_20241202_1032_0_merged_009_1232.7s-1342.0s.mp4__Negative_call001.wav,Whine,Negative,1453.684932,9.26,992.17,1052.53,1109.76,512.06,2304.96,3.82,527.22,849.02,571.21,1406.09,28.35,55.4,-36.04
C2VV_T10_Pink_20250123_1114_0_merged_004_3092.8s-3275.6s.mp4__Negative_call003.wav,Whine,Negative,1455.815283,2.16,764.92,773.27,813.6,764.92,3653.53,3.16,784.24,989.68,634.3,2987.61,25.96,52.85,-69.97
C2VV_T7_Pink-Green_20241116_1116_0_period_047_3575.4s-3591.0s.mp4__Negative_call001.wav,Whine,Negative,1456.412439,3.01,1138.4,1161.65,1174.61,1166.64,2226.56,3.78,1038.87,1364.16,1055.56,4568.15,22.75,60.62,-48.96
C2VV_T7_Orange-Pink_20241118_1021_0_merged_022_1557.9s-1588.6s.mp4__Negative_call001.wav,Whine,Negative,1462.949345,2.74,600.65,670.67,1166.65,617.79,2033.55,4.1,566.47,739.9,459.25,3025.51,28.26,57.99,-27.72
C2VV_T6_Green_20241105_0957_0_merged_023_2350.7s-2375.4s.mp4__Negative_call001.wav,Whine,Negative,1463.113121,2.63,770.37,783.28,784.42,783.28,2069.35,3.5,508.8,815.96,540.9,2394.93,23.73,50.31,-28.35
C2VV_T6_Pink_20241103_1134_0_merged_010_2150.9s-2167.3s.mp4__Negative_call001.wav,Whine,Negative,1466.925168,9.79,914.41,952.32,1001.04,934.13,1992.49,4.27,490.48,1060.27,765.82,1799.65,26.92,58.64,-70.2
C2VV_T7_Green-Blue_20241120_1207_0_merged_025_1437.7s-1641.6s.mp4__Negative_call003.wav,Whine,Negative,1467.278096,4.61,525.62,987.06,1086.16,503.72,2231.7,4.36,506.33,1132.19,819.05,2291.27,27.11,63.43,-36.29
C2VV_T10_Blue_20250119_1234_0_period_002_1065.9s-1296.8s.mp4__Negative_call001.wav,Whine,Negative,1467.523167,1.49,980.06,1025.1,1080.89,1020.39,4702.24,4.1,617.43,1145.99,825.2,2676.39,23.86,59.49,-30.64
C2VV_T10_Blue_20250123_1216_0_period_013_2914.4s-2975.9s.mp4__Negative_call004.wav,Cluck,Negative,1468.733971,0.41,640.37,652.59,936.11,645.26,3615.88,4.51,332.4,484.26,175.87,939.09,22.0,54.99,-29.58
C2VV_T7_Green-Blue_20241121_1150_0_merged_011_2346.8s-2635.5s.mp4__Negative_call004.wav,Whine,Negative,1471.208223,3.2,547.76,568.4,635.62,566.21,1835.97,3.82,549.14,670.91,361.44,2640.38,26.26,61.44,-4.46
C2VV_T7_Blue-Pink_20241122_1124_0_merged_012_2312.6s-2507.5s.mp4__Negative_call003.wav,Whine,Negative,1472.677371,2.68,742.41,1128.93,1438.14,720.38,2260.73,3.9,446.67,729.81,418.95,711.78,24.09,49.3,-51.89
C2VV_T7_Green-Blue_20241120_1207_0_merged_007_1841.8s-2056.7s.mp4__Negative_call001.wav,Whine,Negative,1474.323447,0.97,288.53,439.51,756.99,232.68,3393.97,5.04,426.88,845.36,523.74,3689.92,1.55,71.87,-26.55
C2VV_T9_Blue2_20241216_1111_0_merged_005_875.1s-1143.3s.mp4__Negative_call003.wav,Whine,Negative,1475.14459,6.58,623.29,669.17,1010.66,645.32,2908.98,3.47,663.15,1063.29,733.85,3035.93,30.61,57.12,-32.27
C2VV_T6_Natural_20241108_1122_0_merged_009_1821.4s-1860.8s.mp4__Negative_call002.wav,Whine,Negative,1476.192135,0.27,364.52,557.95,639.78,613.74,2395.88,4.86,376.11,585.22,274.36,5094.83,11.16,61.37,-6.0
C2VV_T9_Green2_20241218_1031_0_merged_008_980.5s-1033.8s.mp4__Negative_call001.wav,Whine,Negative,1476.88232,1.52,565.75,701.26,726.26,721.66,4109.48,3.03,657.15,807.69,450.9,3142.32,25.98,51.31,-32.61
C2VV_T9_Green2_20241220_1010_0_period_019_1520.7s-1573.7s.mp4__Negative_call001.wav,Whine,Negative,1477.031653,1.41,809.45,845.53,866.76,866.05,4679.56,3.67,733.0,940.03,590.52,2590.53,25.83,52.36,-20.61
C2VV_T10_Pink_20250123_1114_0_merged_003_3023.8s-3077.4s.mp4__Negative_call003.wav,Whine,Negative,1477.153652,2.69,588.61,682.94,1022.74,604.95,3308.12,3.42,666.82,1081.37,716.27,2851.27,28.04,54.96,-42.03
C2VV_T9_Green2_20241220_1010_0_period_008_198.9s-223.3s.mp4__Negative_call002.wav,Whine,Negative,1478.474017,2.74,1305.44,1336.84,1339.03,1338.66,2515.97,2.97,576.02,689.23,370.3,1063.77,23.73,45.81,-89.08
C2VV_T7_Green-Blue_20241120_1207_0_merged_036_2430.5s-2468.6s.mp4__Negative_call001.wav,Whine,Negative,1480.780928,1.2,487.21,553.61,674.78,568.54,2208.14,4.59,501.02,627.25,317.63,3138.12,16.6,63.49,-31.56
C2VV_T8_Green-line_20241206_1019_0_merged_013_2222.4s-2267.6s.mp4__Negative_call001.wav,Whine,Negative,1482.181746,2.27,747.06,786.71,840.44,797.72,3637.18,3.43,792.77,1134.92,817.41,3830.86,24.23,61.23,-68.43
C2VV_T7_Blue-Pink_20241121_1300_0_period_004_1794.4s-1814.3s.mp4__Negative_call001.wav,Cluck,Negative,1484.549146,0.37,888.81,934.73,1048.2,937.44,2042.51,4.85,591.71,999.67,568.49,3912.05,12.16,55.38,-79.61
C2VV_T7_Pink-Green_20241122_0919_0_period_064_2163.9s-2177.8s.mp4__Negative_call001.wav,Whine,Negative,1485.181726,1.36,1054.07,1114.22,1143.56,1114.95,2223.2,3.84,737.42,1241.02,944.38,4143.54,24.94,64.18,0.64
C2VV_T7_Green-Blue_20241120_1207_0_merged_005_1665.5s-1686.2s.mp4__Negative_call001.wav,Whine,Negative,1486.951736,1.27,619.43,643.83,887.82,621.79,2083.46,4.59,591.99,858.93,548.07,5407.19,16.14,61.39,-7.53
C2VV_T9_Blue2_20241220_1215_0_merged_006_1447.3s-1669.7s.mp4__Negative_call001.wav,Whine,Negative,1489.132411,2.08,808.57,849.86,873.39,855.62,4302.96,3.55,850.49,1159.0,839.51,3880.38,28.81,61.22,-22.14
C2VV_T7_Blue-Pink_20241121_1300_0_period_013_2708.0s-2813.5s.mp4__Negative_call003.wav,Whine,Negative,1490.683073,3.84,1195.52,1437.18,1616.53,1540.67,2437.78,4.61,477.47,1491.29,1179.45,2306.25,27.5,58.52,-34.74
C2VV_T8_Pink-Green2_20241130_1204_0_period_028_3407.4s-3421.6s.mp4__Negative_call001.wav,Whine,Negative,1492.892812,4.14,907.42,1037.15,1163.26,1025.31,2748.64,4.01,494.65,587.45,279.38,955.66,27.3,50.98,-30.43
C2VV_T7_Green-Blue_20241117_1525_0_merged_023_3168.0s-3205.0s.mp4__Negative_call001.wav,Whine,Negative,1499.807357,1.63,332.02,638.27,798.45,219.1,2378.34,4.82,493.39,927.28,616.4,3550.47,5.52,69.96,-19.8
C2VV_T7_Pink-Green_20241116_1116_0_period_008_614.3s-652.7s.mp4__Ambiguous_call001.wav,Whine,Ambiguous,1502.045124,0.98,364.48,770.94,1188.65,218.07,2512.84,4.96,1014.5,1275.19,927.17,5557.74,7.68,65.01,-24.38
C2VV_T6_Green_20241105_0957_0_period_046_609.8s-619.8s.mp4__Negative_call001.wav,Whine,Negative,1510.29641,1.97,565.53,600.08,1145.79,563.5,2414.74,3.91,570.58,717.19,445.01,1488.0,27.69,61.48,-14.15
C2VV_T10_Blue_20250120_1253_0_merged_003_1408.6s-1594.0s.mp4__Negative_call009.wav,Whine,Negative,1512.78799,2.86,1027.68,1062.6,1100.67,1027.68,3454.35,3.47,1043.48,1247.65,670.54,3473.81,29.51,56.57,-30.66
C2VV_T7_Blue-Pink_20241122_1124_0_merged_019_3168.8s-3278.3s.mp4__Negative_call002.wav,Whine,Negative,1513.084317,2.58,694.38,1053.39,1381.77,1382.55,2073.66,3.56,524.34,734.56,411.62,1220.34,25.98,48.85,-54.68
C2VV_T7_Pink-Green_20241116_1116_0_merged_002_144.9s-154.9s.mp4__Negative_call001.wav,Whine,Negative,1513.304815,3.94,687.41,1120.4,1143.48,1130.8,1961.5,2.95,942.71,1319.88,1005.02,3026.32,28.28,53.9,-27.43
C2VV_T7_Blue-Pink_20241122_1124_0_period_002_735.9s-753.4s.mp4__Negative_call001.wav,Alarm,Negative,1514.025292,2.4,935.43,1028.02,1344.97,988.4,1788.05,4.78,453.64,1043.01,743.63,3677.43,24.4,60.47,-58.17
C2VV_T10_Pink_20250117_1008_0_period_004_943.9s-1411.7s.mp4__Negative_call001.wav,Whine,Negative,1520.660066,1.64,825.58,843.31,903.19,824.36,2743.71,3.8,599.02,998.9,689.73,3704.73,27.8,59.89,-27.1
C2VV_T10_Blue_20250124_1228_0_merged_011_3326.8s-3460.4s.mp4__Negative_call004.wav,Whine,Negative,1523.478987,5.73,589.97,615.64,653.35,590.14,2409.95,2.96,657.19,1023.93,632.04,2531.08,29.68,51.07,-23.4
C2VV_T10_White_20250119_1017_0_period_014_1396.1s-1445.4s.mp4__Negative_call001.wav,Whine,Negative,1533.479623,0.67,566.57,803.01,969.56,568.05,5369.64,5.42,500.64,688.78,386.36,4859.92,15.61,58.0,-14.44
C2VV_T10_Green_20250122_1324_0_merged_005_1003.4s-1095.5s.mp4__Negative_call005.wav,Whine,Negative,1552.98664,6.27,605.76,1115.88,1255.85,1254.41,2688.85,4.13,549.99,836.08,550.11,1848.07,27.18,57.39,-61.17
C2VV_T10_White_20250119_1017_0_period_006_759.8s-773.5s.mp4__Negative_call001.wav,Whine,Negative,1556.152367,4.77,609.0,650.34,849.7,614.66,3228.56,3.49,696.67,1188.93,792.89,2787.6,29.9,57.19,-40.06
C2VV_T8_Pink-line_20241206_1346_0_merged_010_1388.3s-1532.3s.mp4__Negative_call001.wav,Whine,Negative,1557.682973,1.67,898.47,912.26,932.04,911.06,4951.83,3.98,820.56,1044.91,755.43,3560.96,22.48,56.34,-17.53
C2VV_T9_Green2_20241219_1241_0_merged_002_75.6s-192.8s.mp4__Negative_call005.wav,Whine,Negative,1559.602407,3.3,674.29,692.48,727.05,694.3,2857.59,3.09,733.77,1077.94,809.3,2793.14,27.14,52.45,-64.28
C2VV_T10_White_20250119_1017_0_merged_007_1106.2s-1226.8s.mp4__Negative_call003.wav,Whine,Negative,1566.125603,4.8,611.55,663.03,1188.08,636.98,2374.85,3.77,555.42,933.27,622.43,2256.08,29.49,54.19,-30.18
C2VV_T6_Green_20241108_1337_0_merged_003_384.9s-442.5s.mp4__Negative_call001.wav,Alarm,Negative,1570.903159,0.96,871.9,880.2,1052.3,877.09,2102.94,4.48,422.81,1080.88,750.17,1625.26,19.7,52.87,-69.25
C2VV_T7_Green-Blue_20241120_1207_0_merged_025_1437.7s-1641.6s.mp4__Negative_call002.wav,Whine,Negative,1574.204408,1.93,480.88,541.38,971.07,480.88,2054.45,3.86,496.33,620.59,311.83,1585.28,23.27,56.1,-28.35
C2VV_T7_Blue-Pink_20241122_1124_0_merged_015_2312.6s-2507.5s.mp4__Negative_call001.wav,Whine,Negative,1577.046725,3.91,1204.34,1357.73,1536.21,1505.23,2177.39,4.71,634.69,1487.04,1170.03,5868.66,21.64,63.25,-64.2
C2VV_T11_Green_20250130_1339_0_merged_004_1966.4s-2021.0s.mp4__Negative_call001.wav,Whine,Negative,1578.63776,2.61,937.82,963.52,1004.56,987.68,4106.24,3.67,879.97,1154.74,806.02,4640.16,25.89,58.69,-24.12
C2VV_T10_White_20250119_1017_0_period_037_2840.0s-2872.0s.mp4__Negative_call001.wav,Whine,Negative,1579.246358,2.94,678.22,727.56,838.84,678.22,3521.79,3.7,699.42,957.18,638.3,3044.43,31.82,61.42,-47.31
C2VV_T7_Pink-Green_20241121_1046_0_merged_016_1631.3s-1666.7s.mp4__Negative_call001.wav,Whine,Negative,1584.831287,1.36,323.2,625.09,1002.64,237.25,2275.94,4.76,452.03,1090.79,782.4,4973.5,7.35,68.31,-28.2
C2VV_T7_Blue-Pink_20241122_1124_0_merged_014_2857.1s-2904.0s.mp4__Negative_call001.wav,Whine,Negative,1585.644901,2.59,1124.04,1201.71,1552.17,1197.07,2216.9,4.52,463.68,1301.45,990.98,1693.96,24.34,56.22,-66.63
C2VV_T7_Blue-Pink_20241121_1300_0_merged_008_2378.2s-2583.3s.mp4__Negative_call008.wav,Cluck,Negative,1586.501318,0.63,767.08,966.36,1020.14,977.43,2237.27,4.85,516.81,1002.23,679.86,7772.15,9.49,56.94,-135.33
C2VV_T10_White_20250119_1017_0_merged_007_1106.2s-1226.8s.mp4__Negative_call002.wav,Whine,Negative,1605.15005,5.5,609.71,683.1,851.15,622.06,2730.23,3.62,631.11,952.5,555.57,2035.49,27.61,57.23,-38.54
C2VV_T9_Green2_20241220_1010_0_merged_020_1329.6s-1525.4s.mp4__Negative_call006.wav,Whine,Negative,1610.812599,2.85,1083.94,1117.94,1130.9,1126.7,2991.57,3.19,883.1,1187.13,817.33,3869.07,27.86,56.77,-44.14
C2VV_T7_Blue-Pink_20241119_1318_0_period_045_2708.5s-2723.9s.mp4__Negative_call001.wav,Whine,Negative,1614.608182,2.83,1206.04,1430.42,1571.42,1406.04,2423.68,4.38,530.73,1488.39,1181.33,2279.7,24.56,61.49,-47.12
C2VV_T8_Green-line_20241202_1032_0_merged_009_1232.7s-1342.0s.mp4__Negative_call003.wav,Whine,Negative,1616.520072,5.9,620.59,798.91,814.17,800.61,2379.13,2.62,672.72,1012.62,740.44,1233.7,26.7,41.95,-54.9
C2VV_T7_Green-Blue_20241118_1238_0_merged_004_523.9s-557.1s.mp4__Negative_call001.wav,Whine,Negative,1620.284419,1.59,724.12,852.16,881.18,881.18,2123.1,4.43,727.34,942.69,608.72,4677.71,15.14,72.54,-7.5
C2VV_T7_Green-Blue_20241118_1238_0_merged_004_509.1s-557.1s.mp4__Negative_call001.wav,Whine,Negative,1620.284419,1.59,724.75,852.16,881.18,881.18,2130.0,4.43,646.59,978.51,666.37,5204.52,16.08,71.91,-4.21
C2VV_T10_Blue_20250123_1216_0_merged_001_100.0s-153.1s.mp4__Negative_call003.wav,Whine,Negative,1622.630563,6.35,632.75,701.36,1042.99,640.46,2287.61,4.01,664.42,1127.87,858.68,4445.74,26.99,60.43,-33.06
C2VV_T6_Green_20241107_1210_0_merged_014_2388.4s-2440.4s.mp4__Negative_call002.wav,Cluck,Negative,1627.478839,0.29,637.28,768.18,792.3,771.63,1989.18,4.75,375.01,431.27,114.38,2421.75,17.22,56.84,-4.82
C2VV_T8_Green-line_20241206_1019_0_merged_007_1256.9s-1555.3s.mp4__Negative_call002.wav,Whine,Negative,1629.606646,0.54,520.88,594.5,708.62,517.2,5524.19,4.61,579.24,739.58,410.31,5363.1,15.64,54.3,-39.2
C2VV_T10_White_20250119_1017_0_period_038_2960.4s-2973.6s.mp4__Negative_call001.wav,Whine,Negative,1636.926672,2.11,695.37,776.12,853.54,774.69,4124.02,3.97,604.92,994.8,719.74,4149.66,24.94,60.08,-26.8
C2VV_T10_White_20250119_1017_0_merged_007_1106.2s-1226.8s.mp4__Negative_call001.wav,Whine,Negative,1640.646944,4.02,613.7,699.59,844.99,608.97,3492.8,3.63,695.72,986.84,706.1,2447.9,28.38,55.15,-46.23
C2VV_T7_Blue-Pink_20241122_1124_0_period_038_3495.6s-3516.5s.mp4__Negative_call001.wav,Whine,Negative,1642.130649,2.89,747.37,1117.94,1425.6,773.64,2119.1,3.81,459.04,1382.64,1082.91,1182.17,27.65,49.78,-45.77
C2VV_T9_Green2_20241219_1241_0_period_003_173.4s-185.3s.mp4__Negative_call001.wav,Whine,Negative,1642.940228,3.44,659.59,680.24,700.02,680.24,3086.37,3.19,648.8,789.87,340.32,1452.33,24.57,47.4,-41.7
C2VV_T7_Blue-Pink_20241119_1318_0_merged_009_1875.3s-1925.9s.mp4__Negative_call001.wav,Whine,Negative,1649.390031,2.32,823.84,1232.09,1647.24,823.84,2406.2,4.37,395.88,424.36,70.77,351.14,21.53,51.46,-66.17
C2VV_T7_Green-Blue_20241117_1525_0_merged_002_101.9s-157.5s.mp4__Negative_call005.wav,Whine,Negative,1649.754656,2.38,640.69,649.1,658.77,648.68,1981.4,3.09,423.82,700.46,426.31,1466.64,26.49,49.61,-12.52
C2VV_T10_Blue_20250124_1228_0_merged_011_3326.8s-3460.4s.mp4__Negative_call001.wav,Whine,Negative,1650.991749,3.01,855.11,887.3,940.75,886.97,3109.72,2.97,858.01,1084.87,756.12,2892.37,27.88,56.1,-61.17
C2VV_T8_Pink-Green2_20241204_1112_0_merged_006_2538.4s-2577.9s.mp4__Negative_call001.wav,Whine,Negative,1652.589485,10.33,968.95,1102.84,1211.75,1187.74,2656.76,4.1,558.85,1270.71,958.29,1858.36,26.96,53.97,-29.74
C2VV_T9_Green2_20241220_1010_0_merged_022_1621.8s-1696.5s.mp4__Negative_call001.wav,Whine,Negative,1654.366399,2.08,878.66,920.43,963.64,963.64,3352.17,3.14,825.11,1039.43,725.83,3750.84,30.49,54.02,-2.9
C2VV_T9_Green2_20241219_1241_0_merged_002_75.6s-192.8s.mp4__Negative_call001.wav,Whine,Negative,1654.549634,3.2,897.31,999.86,1026.44,1013.31,2338.44,3.2,840.65,1114.61,572.9,3185.71,29.23,55.96,-13.53
C2VV_T7_Green-Blue_20241118_1238_0_merged_002_471.9s-479.6s.mp4__Negative_call001.wav,Whine,Negative,1654.932545,1.46,643.4,667.35,695.42,674.88,2206.83,4.28,448.52,902.39,585.55,3442.27,17.8,58.18,-19.62
C2VV_T8_Green-line_20241202_1032_0_merged_005_545.1s-602.1s.mp4__Negative_call001.wav,Whine,Negative,1657.092816,6.47,1103.37,1139.55,1184.07,1144.65,2508.69,3.77,565.72,1210.09,928.71,2332.14,26.98,58.05,-38.2
C2VV_T7_Blue-Pink_20241122_1124_0_merged_012_2312.6s-2507.5s.mp4__Negative_call002.wav,Whine,Negative,1660.587643,3.83,1177.08,1418.29,1685.6,832.23,2364.59,5.11,572.44,1494.02,1190.15,5134.33,24.8,61.74,-52.91
C2VV_T7_Blue-Pink_20241122_1124_0_period_020_2274.8s-2291.5s.mp4__Negative_call001.wav,Whine,Negative,1664.38352,2.71,1222.75,1414.07,1461.62,1415.91,2221.99,4.41,714.55,1497.9,1199.63,6187.31,22.49,56.58,-47.65
C2VV_T9_Green2_20241220_1010_0_merged_010_638.9s-731.6s.mp4__Negative_call003.wav,Whine,Negative,1665.634284,2.34,514.72,542.03,1259.05,502.77,2963.35,3.69,535.85,684.49,288.37,1668.23,24.33,55.7,-66.77
C2VV_T6_Green_20241107_1210_0_merged_016_1384.6s-1462.6s.mp4__Negative_call001.wav,Whine,Negative,1666.011812,1.04,557.92,1101.44,1159.06,556.96,2359.94,3.72,589.27,1322.68,793.33,905.86,24.97,53.3,-17.38
C2VV_T9_Blue2_20241216_1111_0_merged_005_875.1s-1143.3s.mp4__Negative_call004.wav,Whine,Negative,1668.597927,5.28,700.8,909.66,999.79,700.99,3726.8,3.51,763.56,1138.58,859.32,2857.88,29.63,57.37,-41.86
C2VV_T10_Green_20250123_1012_0_merged_007_1365.0s-1662.6s.mp4__Negative_call004.wav,Whine,Negative,1674.65183,2.08,768.71,854.18,900.75,874.83,3423.42,3.91,792.39,1087.06,686.92,4182.07,24.73,61.22,-61.39
C2VV_T9_Natural2_20241219_1343_0_merged_007_684.3s-876.7s.mp4__Negative_call009.wav,Whine,Negative,1684.910256,3.64,619.52,717.47,842.58,618.43,3024.26,3.17,679.75,926.71,365.35,1710.29,22.36,52.95,-72.28
C2VV_T7_Blue-Pink_20241122_1124_0_merged_019_3168.8s-3278.3s.mp4__Negative_call001.wav,Whine,Negative,1686.242815,1.91,1252.1,1356.62,1370.73,1372.82,1990.83,3.49,626.85,758.1,460.17,1463.05,26.65,58.79,-86.46
C2VV_T7_Pink-Green_20241118_1126_0_period_013_1181.5s-1192.1s.mp4__Negative_call001.wav,Whine,Negative,1689.140518,2.23,1118.51,1209.45,1249.76,1121.65,2440.94,4.12,1115.91,1329.99,1016.86,3965.8,27.32,64.73,-19.69
C2VV_T7_Green-Blue_20241119_1219_0_merged_003_207.4s-223.5s.mp4__Negative_call001.wav,Whine,Negative,1690.064465,2.07,590.68,628.41,1152.81,590.68,2004.97,3.95,593.12,870.69,587.37,2348.48,24.67,59.5,-36.18
C2VV_T9_Green2_20241219_1241_0_period_002_104.1s-118.1s.mp4__Negative_call001.wav,Whine,Negative,1691.328131,3.57,677.6,776.16,880.03,791.27,2653.04,3.45,731.82,1048.49,739.67,3043.61,29.4,57.12,-33.91
C2VV_T10_White_20250119_1017_0_merged_007_1106.2s-1226.8s.mp4__Negative_call004.wav,Whine,Negative,1695.968152,6.25,677.97,681.65,735.74,680.53,2335.74,3.2,607.53,1056.19,702.16,1901.28,29.45,53.3,-46.72
C2VV_T8_Pink-Green2_20241202_1131_0_merged_004_304.4s-347.4s.mp4__Negative_call002.wav,Whine,Negative,1695.99135,6.56,533.24,747.79,1082.5,501.07,3031.24,4.08,514.37,888.82,584.75,1846.54,29.2,50.47,-14.87
C2VV_T9_Natural2_20241219_1343_0_merged_009_2522.4s-2609.6s.mp4__Negative_call003.wav,Whine,Negative,1701.075632,6.84,672.2,708.88,1187.32,675.42,2376.23,3.73,514.62,835.58,560.82,2896.62,26.96,53.34,-48.83
C2VV_T9_Green2_20241220_1010_0_merged_010_638.9s-731.6s.mp4__Negative_call001.wav,Whine,Negative,1702.503281,3.5,588.39,630.73,993.43,624.15,2513.5,3.59,659.32,1201.97,894.68,3201.06,26.6,56.64,-40.71
C2VV_T7_Green-Blue_20241121_1150_0_merged_013_3100.4s-3494.0s.mp4__Negative_call006.wav,Whine,Negative,1704.052534,1.64,494.98,692.98,859.19,683.81,2302.49,4.57,547.1,944.76,633.15,4422.84,13.44,63.86,-8.53
C2VV_T10_Pink_20250117_1008_0_merged_013_1599.5s-1640.2s.mp4__Negative_call001.wav,Whine,Negative,1705.797767,1.74,846.69,869.09,897.81,860.47,3244.21,3.79,631.93,1024.0,699.09,3764.78,26.71,51.12,-28.12
C2VV_T8_Pink-Green2_20241202_1131_0_period_001_104.0s-129.7s.mp4__Negative_call001.wav,Whine,Negative,1707.790321,6.28,607.16,966.85,1066.32,536.5,2970.31,3.71,563.07,985.69,716.5,1964.78,28.01,52.52,-28.85
C2VV_T10_Pink_20250117_1008_0_period_007_1886.4s-1925.6s.mp4__Negative_call001.wav,Whine,Negative,1716.434514,2.19,751.62,801.42,862.19,801.42,2283.84,3.37,713.65,994.45,655.82,4077.99,29.47,61.23,-39.1
C2VV_T7_Pink-Green_20241116_1116_0_merged_001_271.1s-335.9s.mp4__Negative_call001.wav,Whine,Negative,1722.410303,3.5,1069.52,1101.27,1167.63,1072.38,2143.71,3.32,1081.25,1332.96,1003.06,3930.19,28.18,56.35,-26.63
C2VV_T7_Green-Blue_20241119_1219_0_merged_016_624.9s-637.1s.mp4__Negative_call001.wav,Whine,Negative,1723.644648,2.68,1055.45,1174.01,1243.72,1203.83,2345.05,4.54,617.28,1246.52,870.47,2901.1,23.11,62.26,-41.29
C2VV_T8_Green-line_20241203_1014_0_merged_016_2979.0s-3145.5s.mp4__Negative_call002.wav,Whine,Negative,1738.418636,4.69,696.53,819.03,872.38,828.42,3681.06,3.22,778.58,1199.16,867.84,2995.2,27.42,55.7,-65.42
C2VV_T10_Pink_20250117_1008_0_merged_009_2082.1s-2191.8s.mp4__Negative_call002.wav,Whine,Negative,1746.199708,2.57,737.67,767.67,853.79,768.45,2482.73,2.85,669.51,1024.73,732.03,2913.66,23.97,54.36,-39.61
C2VV_T7_Blue-Pink_20241122_1124_0_merged_011_1783.9s-1823.9s.mp4__Negative_call001.wav,Whine,Negative,1748.038313,2.61,1204.78,1486.49,1603.55,1601.63,2387.35,4.8,482.56,1475.97,1173.35,2983.14,23.6,62.37,-54.38
C2VV_T7_Green-Blue_20241119_1219_0_merged_039_2045.7s-2056.8s.mp4__Negative_call001.wav,Whine,Negative,1750.366805,2.15,600.72,634.24,676.62,601.65,1968.0,3.79,555.67,874.5,565.76,3169.74,22.35,55.41,-5.14
C2VV_T10_Pink_20250119_1125_0_period_004_2514.6s-2545.2s.mp4__Negative_call001.wav,Whine,Negative,1764.562673,3.19,724.67,794.91,813.73,793.97,3768.83,3.05,808.54,1084.78,776.39,3056.84,24.3,50.49,-70.2
C2VV_T10_Green_20250124_1329_0_merged_007_3520.8s-3635.9s.mp4__Negative_call007.wav,Whine,Negative,1766.63711,3.21,866.48,900.43,943.73,897.32,2989.01,3.5,840.93,1099.23,712.33,3585.45,28.34,57.62,-57.19
C2VV_T10_Blue_20250119_1234_0_merged_008_2786.8s-2866.3s.mp4__Negative_call003.wav,Whine,Negative,1769.285309,2.68,1016.9,1036.69,1074.41,1043.78,3395.97,2.89,974.84,1174.64,892.63,3032.73,30.25,59.0,-14.06
C2VV_T10_White_20250119_1017_0_period_037_2840.0s-2872.0s.mp4__Negative_call002.wav,Whine,Negative,1769.512429,1.71,839.8,843.9,887.82,843.9,5230.91,4.47,657.31,976.88,624.25,2923.79,20.5,57.39,-18.61
C2VV_T10_Green_20250122_1324_0_merged_004_695.9s-785.9s.mp4__Negative_call003.wav,Whine,Negative,1771.926645,3.76,603.73,641.78,814.46,641.51,2930.91,3.83,670.58,976.7,700.85,4513.98,27.94,61.46,-66.29
C2VV_T7_Pink-Green_20241122_0919_0_merged_021_2750.7s-2845.5s.mp4__Negative_call001.wav,Whine,Negative,1785.248098,2.08,1058.24,1130.74,1145.15,1134.11,2070.39,3.91,860.7,1228.59,919.92,4104.89,20.41,60.02,-15.8
C2VV_T10_White_20250119_1017_0_period_017_1630.8s-1650.9s.mp4__Negative_call001.wav,Whine,Negative,1789.954789,3.41,663.23,687.89,829.41,675.86,3249.73,3.16,719.8,1053.52,735.8,2540.24,29.8,52.85,-21.11
C2VV_T9_Green2_20241220_1010_0_merged_020_1329.6s-1525.4s.mp4__Negative_call002.wav,Whine,Negative,1791.42361,6.02,721.5,770.3,1012.29,721.0,3455.76,4.1,698.47,1148.77,835.8,4482.8,25.15,62.91,-96.3
C2VV_T7_Pink-Green_20241114_1122_0_merged_001_546.4s-728.7s.mp4__Negative_call002.wav,Whine,Negative,1806.917673,3.64,1101.04,1133.14,1161.67,1110.92,2557.86,3.83,1047.08,1315.28,1004.44,4176.06,23.73,59.95,-38.07
C2VV_T6_Black_20241106_1003_0_merged_001_108.5s-125.2s.mp4__Negative_call001.wav,Whine,Negative,1807.094943,4.37,648.98,872.17,894.35,888.63,2022.35,3.52,614.28,966.79,658.4,2813.28,25.5,53.97,-22.72
C2VV_T10_Blue_20250119_1234_0_merged_008_2786.8s-2866.3s.mp4__Negative_call001.wav,Whine,Negative,1808.893808,2.83,993.44,1021.75,1072.34,1021.04,4112.93,3.38,991.44,1249.89,925.23,4058.67,31.84,59.44,-2.87
C2VV_T7_Blue-Pink_20241121_1300_0_merged_008_2378.2s-2583.3s.mp4__Negative_call009.wav,Whine,Negative,1810.494939,2.71,842.0,1247.9,1535.19,780.12,2418.26,4.64,442.73,1430.93,1120.51,1666.46,23.94,56.35,-53.31
C2VV_T11_Green_20250130_1339_0_merged_006_2220.4s-2461.5s.mp4__Negative_call001.wav,Whine,Negative,1811.08076,4.09,959.17,991.68,1007.82,959.66,3416.36,3.41,942.98,1084.75,440.57,3106.1,29.58,58.54,-13.63
C2VV_T7_Pink-Green_20241116_1116_0_merged_056_3278.8s-3309.4s.mp4__Negative_call001.wav,Whine,Negative,1812.129954,3.47,1144.0,1175.09,1246.2,1177.11,2197.0,3.72,1048.0,1387.62,1065.42,4182.36,27.92,59.59,-48.56
C2VV_T7_Blue-Pink_20241122_1124_0_merged_012_2312.6s-2507.5s.mp4__Negative_call006.wav,Whine,Negative,1819.143099,3.6,1193.12,1331.63,1553.84,1207.59,2327.22,4.61,501.91,1469.66,1170.28,3335.96,23.92,63.27,-40.91
C2VV_T10_Pink_20250123_1114_0_merged_004_3092.8s-3275.6s.mp4__Negative_call001.wav,Whine,Negative,1822.859824,2.94,585.75,738.91,836.26,585.75,3009.56,3.89,725.93,970.16,660.0,6117.51,21.61,60.07,-69.24
C2VV_T7_Orange-Pink_20241118_1021_0_merged_012_2740.1s-2786.1s.mp4__Negative_call001.wav,Whine,Negative,1827.612482,1.68,376.14,798.04,938.27,219.86,2245.86,4.82,771.68,925.22,609.78,4084.15,9.51,62.39,-17.82
pc_09f5df2f3d03f5b7__C2VV_T6_Green_20241101_1336__133.527s-133.721s,Cluck,Positive,1834.141261,0.194,288.61,453.52,711.21,216.45,2644.33,5.03,,,,,,59.27,-44.86
C2VV_T7_Green-Blue_20241117_1525_0_merged_004_1612.7s-1679.4s.mp4__Negative_call001.wav,Whine,Negative,1834.664487,3.38,589.18,653.89,818.47,631.73,2216.89,4.34,461.02,948.95,654.76,3721.55,16.25,61.02,-9.48
C2VV_T8_Pink-line_20241128_1119_0_merged_001_2361.0s-2681.2s.mp4__Negative_call001.wav,Whine,Negative,1834.768283,0.88,757.81,768.07,811.37,766.93,4757.35,3.98,695.0,853.26,497.01,4337.47,23.93,60.4,-72.33
C2VV_T10_Green_20250122_1324_0_merged_008_1244.6s-1252.8s.mp4__Negative_call001.wav,Whine,Negative,1837.036577,2.5,491.02,573.32,842.61,475.04,2140.61,3.82,525.62,1037.3,722.84,4609.52,24.37,62.13,-34.52
C2VV_T7_Pink-Green_20241114_1122_0_merged_005_1995.1s-2031.8s.mp4__Negative_call001.wav,Whine,Negative,1838.634109,3.73,1138.25,1167.2,1208.2,1206.6,2279.91,3.64,974.34,1381.16,1052.5,3833.68,26.27,60.44,-49.75
C2VV_T10_Blue_20250119_1234_0_merged_008_2786.8s-2866.3s.mp4__Negative_call005.wav,Whine,Negative,1855.769698,5.25,649.38,827.43,941.69,817.72,3373.36,3.2,833.57,1093.04,740.73,3724.2,29.33,56.18,-40.74
C2VV_T7_Pink-Green_20241114_1122_0_merged_001_546.4s-728.7s.mp4__Negative_call004.wav,Whine,Negative,1855.986587,1.93,996.41,1129.81,1243.57,1242.02,2107.14,4.2,773.98,1320.55,1014.99,4485.38,20.42,66.19,-27.67
C2VV_T10_Green_20250124_1329_0_merged_007_3520.8s-3635.9s.mp4__Negative_call015.wav,Whine,Negative,1862.463886,4.58,514.54,586.2,810.8,513.88,2853.57,3.54,606.77,921.14,606.52,3659.4,27.09,55.82,-44.02
C2VV_T10_Green_20250122_1324_0_period_010_1140.9s-1160.3s.mp4__Negative_call001.wav,Whine,Negative,1864.125018,5.39,619.96,951.63,1229.54,619.96,2581.7,4.52,594.11,946.81,638.42,3376.28,24.47,62.29,-53.35
C2VV_T7_Pink-Green_20241121_1046_0_merged_017_1677.3s-1913.3s.mp4__Negative_call004.wav,Whine,Negative,1866.099975,3.42,1096.57,1123.16,1158.82,1122.29,2179.74,3.71,815.94,1246.79,934.35,3544.19,25.43,57.14,-37.05
C2VV_T7_Green-Blue_20241116_1322_0_merged_003_1055.2s-1303.1s.mp4__Negative_call004.wav,Whine,Negative,1884.495557,6.14,530.76,559.76,988.51,541.02,2212.15,4.17,522.78,654.7,347.38,2310.54,20.78,61.68,-13.17
C2VV_T8_Green-line_20241128_1016_0_merged_006_989.8s-1042.2s.mp4__Negative_call001.wav,Whine,Negative,1885.970993,1.56,827.82,841.28,850.26,847.69,4234.92,3.45,751.37,1042.31,667.45,3236.54,25.65,54.18,-87.89
C2VV_T7_Green-Blue_20241119_1219_0_merged_010_3008.5s-3064.3s.mp4__Negative_call003.wav,Whine,Negative,1901.995431,1.31,699.11,772.14,894.61,772.14,2495.6,4.51,644.89,949.52,632.59,4502.79,17.5,64.28,-5.09
C2VV_T7_Orange-Pink_20241120_1056_0_merged_030_2693.0s-2701.3s.mp4__Negative_call001.wav,Whine,Negative,1914.615509,1.69,565.75,651.47,1161.65,631.37,2316.66,4.53,517.53,793.92,508.73,4283.37,20.4,64.73,-8.33
C2VV_T10_White_20250119_1017_0_period_022_1885.1s-1898.0s.mp4__Negative_call001.wav,Whine,Negative,1916.087928,3.43,696.26,764.2,894.23,710.55,3849.03,3.8,716.55,926.21,500.19,2357.77,27.84,53.79,-32.83
C2VV_T8_Green-line_20241203_1014_0_merged_004_748.0s-927.5s.mp4__Negative_call005.wav,Whine,Negative,1920.460241,1.99,743.37,798.59,870.87,762.45,4761.45,3.73,800.61,964.98,614.85,2858.12,26.85,55.46,-73.04
C2VV_T9_Blue2_20241216_1111_0_period_023_2740.7s-2765.5s.mp4__Negative_call001.wav,Whine,Negative,1929.34542,2.05,842.62,875.84,895.37,875.84,4389.41,3.7,837.8,972.02,615.02,2844.05,25.89,52.02,-31.9
C2VV_T7_Pink-Green_20241118_1126_0_merged_017_3948.2s-4100.7s.mp4__Negative_call003.wav,Whine,Negative,1930.998835,2.75,1064.27,1095.88,1113.68,1113.68,2046.06,3.19,965.99,1211.43,884.4,3111.41,26.71,55.59,-28.68
C2VV_T7_Green-Blue_20241120_1207_0_merged_008_522.3s-543.6s.mp4__Negative_call001.wav,Whine,Negative,1940.153978,5.17,869.47,1010.03,1216.21,503.37,2411.3,4.62,486.69,744.68,376.17,1872.28,27.3,58.18,-26.65
C2VV_T11_Green_20250130_1339_0_merged_010_2789.2s-3116.5s.mp4__Negative_call001.wav,Whine,Negative,1940.684233,3.68,910.4,941.63,965.53,928.6,3713.51,3.59,893.4,1244.81,930.04,4100.86,26.75,63.42,-41.73
C2VV_T6_Natural_20241107_1007_0_merged_010_1254.5s-1277.9s.mp4__Negative_call001.wav,Whine,Negative,1940.745732,2.98,719.64,820.77,1309.26,739.13,1919.39,4.08,651.35,1043.53,734.72,4226.04,26.54,63.33,-4.35
C2VV_T7_Green-Blue_20241121_1150_0_merged_011_2346.8s-2635.5s.mp4__Negative_call005.wav,Whine,Negative,1942.896604,1.82,543.25,561.35,606.35,543.79,2090.9,4.01,550.6,883.51,563.35,2805.88,21.67,60.91,-41.85
C2VV_T7_Pink-Green_20241118_1126_0_period_024_3694.7s-3715.2s.mp4__Negative_call001.wav,Whine,Negative,1954.310369,3.39,1083.43,1124.97,1154.13,1161.5,2315.69,3.41,981.66,1237.03,926.17,3794.63,25.78,56.12,-14.02
C2VV_T8_Pink-Green2_20241202_1131_0_merged_004_304.4s-347.4s.mp4__Negative_call001.wav,Whine,Negative,1964.200523,3.12,583.83,1088.47,1169.27,584.79,3449.54,4.18,550.92,632.82,206.43,1628.28,24.69,50.5,-41.52
C2VV_T8_Green-line_20241202_1032_0_merged_013_1847.8s-1951.4s.mp4__Negative_call001.wav,Whine,Negative,1966.239988,4.05,717.84,755.09,800.97,762.24,3666.43,2.86,719.48,1046.6,726.35,1720.74,28.61,45.76,-31.03
C2VV_T10_Blue_20250123_1216_0_merged_007_1690.0s-1730.6s.mp4__Negative_call002.wav,Whine,Negative,1969.36844,3.73,618.47,891.47,1050.65,511.9,2180.88,4.07,531.71,851.02,580.03,3330.89,23.22,58.25,-41.93
C2VV_T7_Green-Blue_20241119_1219_0_period_016_959.6s-983.5s.mp4__Negative_call001.wav,Whine,Negative,1970.546498,1.36,554.59,937.52,956.59,930.18,2225.91,4.07,480.6,1030.44,719.64,3737.9,13.94,60.89,-14.59
C2VV_T10_Blue_20250123_1216_0_period_013_2914.4s-2975.9s.mp4__Negative_call008.wav,Whine,Negative,1975.687947,3.53,777.49,1008.73,1031.37,1024.86,2439.91,4.38,502.28,1394.1,1085.88,3332.66,24.91,63.68,-41.67
C2VV_T7_Blue-Pink_20241119_1318_0_merged_020_2750.9s-2856.4s.mp4__Negative_call003.wav,Whine,Negative,1977.995988,2.98,878.24,1299.71,1940.32,1288.62,2338.4,4.29,535.15,1452.95,1132.96,1908.46,22.85,54.11,-61.19
C2VV_T7_Orange-Pink_20241120_1056_0_merged_006_2562.3s-2601.6s.mp4__Negative_call001.wav,Whine,Negative,1980.746051,3.17,661.39,722.29,1014.8,660.44,2006.12,4.03,514.69,1291.91,988.54,3393.74,23.19,59.95,-18.74
C2VV_T7_Green-Blue_20241121_1150_0_merged_011_2346.8s-2635.5s.mp4__Negative_call002.wav,Whine,Negative,1990.85443,2.9,582.58,608.78,687.72,608.78,1790.45,3.99,569.52,928.23,654.63,4035.76,22.92,58.09,-22.6
C2VV_T10_Pink_20250119_1125_0_period_003_1732.0s-1745.4s.mp4__Negative_call001.wav,Whine,Negative,2014.480273,1.12,827.1,861.86,945.64,834.23,4986.64,4.1,861.96,1030.18,575.34,2585.28,23.62,49.47,-11.7
C2VV_T7_Pink-Green_20241114_1122_0_merged_002_1007.3s-1141.9s.mp4__Negative_call002.wav,Whine,Negative,2020.342321,0.93,353.84,766.83,1271.25,366.75,3231.13,5.09,551.44,1427.49,1110.6,5740.08,9.14,66.14,-21.66
C2VV_T9_Blue2_20241216_1111_0_merged_007_1313.4s-1372.0s.mp4__Negative_call001.wav,Whine,Negative,2020.815936,6.54,625.91,692.57,1190.67,634.63,3197.53,3.54,732.96,1208.31,885.98,2589.25,29.89,53.43,-37.55
C2VV_T7_Pink-Green_20241118_1126_0_merged_018_4132.3s-4285.1s.mp4__Negative_call010.wav,Whine,Negative,2035.728929,3.89,1075.84,1094.36,1133.2,1094.36,1896.35,3.12,816.27,1203.03,892.21,2991.8,30.09,53.37,-19.68
C2VV_T10_Pink_20250117_1008_0_merged_009_2082.1s-2191.8s.mp4__Negative_call006.wav,Whine,Negative,2066.423365,1.97,908.61,911.66,916.22,911.66,2790.67,2.67,705.57,996.73,664.7,1895.5,29.42,47.18,-40.39
C2VV_T9_Natural2_20241219_1343_0_merged_009_2522.4s-2609.6s.mp4__Negative_call001.wav,Whine,Negative,2068.906677,5.65,638.07,701.22,1196.0,673.8,2319.4,3.53,526.86,1115.56,839.96,1586.69,26.27,49.09,-40.23
C2VV_T6_Green_20241108_1337_0_merged_003_384.9s-442.5s.mp4__Negative_call007.wav,Alarm,Negative,2096.123396,2.11,829.35,880.59,1113.07,840.73,1958.24,4.72,510.83,1122.38,808.81,4470.54,21.82,64.53,-50.36
C2VV_T7_Blue-Pink_20241122_1124_0_period_019_2118.2s-2131.1s.mp4__Negative_call001.wav,Whine,Negative,2099.22021,2.78,686.17,1206.91,1321.63,686.17,2092.42,3.24,592.86,738.4,436.33,1328.43,28.59,49.27,-34.46
C2VV_T7_Blue-Pink_20241121_1300_0_merged_008_2378.2s-2583.3s.mp4__Negative_call002.wav,Whine,Negative,2119.220484,2.27,722.45,1130.18,1454.16,714.52,1995.74,3.79,504.43,1008.47,706.05,1754.16,27.11,48.27,-31.63
C2VV_T9_Green2_20241220_1010_0_merged_006_1323.1s-1365.9s.mp4__Negative_call001.wav,Whine,Negative,2129.909147,6.32,580.08,711.32,824.36,566.78,2968.03,3.44,763.0,1146.37,845.05,4269.27,29.76,57.07,-51.85
C2VV_T7_Pink-Green_20241118_1126_0_merged_017_3948.2s-4100.7s.mp4__Negative_call002.wav,Whine,Negative,2130.235572,1.67,1086.88,1179.49,1218.93,1184.27,2240.86,4.09,795.2,1369.14,1060.75,4312.0,23.6,63.34,-13.89
C2VV_T7_Green-Blue_20241120_1207_0_merged_043_3142.5s-3159.4s.mp4__Negative_call001.wav,Whine,Negative,2132.001025,2.09,437.72,739.43,890.29,892.2,2086.34,4.67,512.99,1210.69,893.07,4594.29,13.65,67.77,-12.22
C2VV_T7_Pink-Green_20241122_0919_0_merged_010_1224.3s-1276.0s.mp4__Negative_call001.wav,Whine,Negative,2141.213015,1.25,1075.9,1155.1,1182.29,1168.69,2620.87,4.22,869.19,1243.41,931.24,3958.81,24.8,61.99,-1.62
C2VV_T7_Green-Blue_20241119_1219_0_period_024_3222.5s-3242.4s.mp4__Negative_call002.wav,Cluck,Negative,2142.5582,0.21,352.76,433.8,724.59,376.6,2302.48,5.01,441.11,494.23,106.25,1517.84,0.0,45.29,-19.35
C2VV_T7_Orange-Pink_20241118_1021_0_period_008_1994.4s-2008.8s.mp4__Negative_call001.wav,Whine,Negative,2156.239566,1.65,589.3,682.26,1193.8,607.53,2211.2,4.62,651.46,1471.48,1195.21,3712.82,20.05,62.27,-33.99
C2VV_T11_Green_20250130_1339_0_merged_014_2755.0s-2774.1s.mp4__Negative_call001.wav,Whine,Negative,2164.919535,0.63,976.67,1182.2,1298.51,0.0,5340.54,5.45,1085.01,1380.61,909.52,8102.45,15.93,60.54,-0.92
C2VV_T7_Pink-Green_20241121_1046_0_merged_017_1677.3s-1913.3s.mp4__Negative_call002.wav,Whine,Negative,2170.169898,2.49,1086.36,1120.87,1132.11,1122.48,1983.45,3.57,802.12,1182.48,886.87,3167.04,22.07,57.79,-58.53
C2VV_T9_Blue2_20241218_1231_0_merged_007_2435.3s-2764.3s.mp4__Negative_call008.wav,Whine,Negative,2175.560557,3.68,800.12,981.28,1128.76,981.28,3083.71,3.56,766.7,1040.7,731.66,3126.17,24.17,55.95,-60.59
C2VV_T10_White_20250119_1017_0_merged_019_1996.0s-2086.8s.mp4__Negative_call001.wav,Whine,Negative,2179.765896,1.36,833.94,856.8,869.33,869.33,4270.49,3.98,725.76,910.99,601.06,4055.49,22.86,51.25,-18.91
C2VV_T7_Green-Blue_20241119_1219_0_merged_007_347.6s-379.9s.mp4__Negative_call001.wav,Whine,Negative,2184.880972,6.09,678.96,1116.22,1209.98,1122.13,1964.57,4.02,530.42,1080.64,800.14,2290.16,27.67,58.29,-23.83
C2VV_T9_Blue2_20241220_1215_0_merged_010_2228.5s-2467.0s.mp4__Negative_call009.wav,Whine,Negative,2226.78766,9.04,574.17,902.25,1326.82,574.39,2393.18,4.11,496.78,955.88,633.14,1555.97,28.49,55.22,-22.36
C2VV_T7_Pink-Green_20241120_0927_0_period_028_1322.3s-1338.5s.mp4__Negative_call001.wav,Whine,Negative,2233.681943,2.1,1198.96,1263.19,1329.33,1198.49,2385.22,3.92,598.82,740.5,451.86,2306.12,28.07,60.42,-44.29
C2VV_T9_Blue2_20241216_1111_0_merged_009_2061.0s-2210.0s.mp4__Negative_call002.wav,Whine,Negative,2234.737637,1.84,777.63,836.49,886.08,836.49,3638.44,3.25,793.7,1032.09,723.9,3483.76,27.52,54.49,-17.69
C2VV_T7_Green-Blue_20241119_1219_0_merged_007_291.2s-317.2s.mp4__Negative_call001.wav,Whine,Negative,2246.564614,3.87,558.1,990.63,1114.66,557.07,1919.14,4.07,504.42,639.56,328.74,1561.87,27.52,57.49,-22.22
C2VV_T10_White_20250119_1017_0_period_016_1494.4s-1517.7s.mp4__Negative_call001.wav,Whine,Negative,2267.041623,2.15,728.24,769.08,812.71,770.48,3578.61,3.08,734.26,967.12,625.17,2814.55,29.94,56.16,-17.29
C2VV_T10_Pink_20250120_1150_0_merged_005_3615.3s-3655.8s.mp4__Negative_call001.wav,Whine,Negative,2288.162473,3.87,763.61,767.23,793.09,764.13,4210.03,3.59,705.43,912.65,552.21,2945.55,23.53,55.73,-82.4
C2VV_T7_Orange-Pink_20241118_1021_0_merged_009_2380.3s-2514.8s.mp4__Negative_call003.wav,Cluck,Negative,2291.774157,0.15,311.61,460.93,824.48,383.03,2579.92,5.11,459.56,459.56,0.0,0.0,0.0,64.92,-27.22
C2VV_T10_Pink_20250117_1008_0_period_008_1936.0s-1950.8s.mp4__Negative_call001.wav,Whine,Negative,2317.461276,3.18,863.55,884.01,931.53,931.84,3030.56,2.86,619.62,978.51,683.9,2386.94,30.68,47.05,-22.49
C2VV_T10_Blue_20250119_1234_0_merged_006_2320.4s-2380.3s.mp4__Negative_call002.wav,Whine,Negative,2322.923356,2.04,1060.6,1099.77,1127.68,1099.28,5023.25,4.42,740.35,1170.8,862.41,2584.73,20.81,59.0,-31.16
C2VV_T7_Pink-Green_20241122_0919_0_merged_024_3051.2s-3114.7s.mp4__Negative_call001.wav,Whine,Negative,2325.899427,2.98,1036.54,1072.84,1080.91,1075.19,2028.41,3.32,914.44,1174.81,866.41,4180.88,28.23,56.63,-39.53
C2VV_T7_Green-Blue_20241119_1219_0_period_001_186.0s-201.9s.mp4__Negative_call001.wav,Whine,Negative,2337.159356,5.44,590.81,696.66,1152.22,611.58,1944.85,3.81,567.52,722.15,447.11,2091.65,27.38,56.32,-29.19
C2VV_T7_Orange-Pink_20241119_1017_0_merged_002_1782.2s-1825.2s.mp4__Negative_call001.wav,Whine,Negative,2351.499585,1.38,570.18,821.81,877.81,822.54,1976.6,4.67,639.12,914.77,604.6,5436.87,16.36,61.45,-5.71
C2VV_T10_Blue_20250119_1234_0_period_016_3291.4s-3315.8s.mp4__Negative_call001.wav,Whine,Negative,2353.027599,2.94,948.21,986.7,1037.79,996.58,4259.3,3.27,963.41,1144.78,830.27,3233.45,28.44,52.45,-40.79
C2VV_T7_Pink-Green_20241118_1126_0_merged_007_1202.9s-1257.5s.mp4__Negative_call001.wav,Whine,Negative,2354.386649,2.23,1080.68,1117.38,1164.37,1117.38,2437.56,3.61,967.09,1268.12,943.97,3622.8,27.52,58.84,-14.4
C2VV_T7_Pink-Green_20241116_1116_0_merged_016_1267.7s-1282.7s.mp4__Negative_call001.wav,Whine,Negative,2356.388229,1.91,1135.77,1155.17,1191.88,1143.64,2580.66,3.4,1020.2,1298.12,983.58,3202.58,25.17,58.99,-52.62
C2VV_T8_Green-line_20241203_1014_0_merged_004_748.0s-927.5s.mp4__Negative_call001.wav,Whine,Negative,2359.344917,4.35,580.74,595.91,643.02,598.66,3539.23,3.09,698.4,1040.75,667.96,2055.64,22.64,51.82,-73.51
C2VV_T7_Pink-Green_20241121_1046_0_merged_017_1677.3s-1913.3s.mp4__Negative_call001.wav,Whine,Negative,2365.226932,1.08,929.01,1102.38,1134.83,1102.38,2494.42,4.25,580.67,1178.14,869.75,3578.78,14.37,65.83,-1.03
C2VV_T7_Blue-Pink_20241119_1318_0_merged_020_2750.9s-2856.4s.mp4__Negative_call001.wav,Whine,Negative,2379.358871,0.28,294.24,478.58,797.63,216.25,2631.96,4.99,320.13,320.24,0.22,21.89,0.0,70.9,-24.63
C2VV_T9_Blue2_20241218_1231_0_merged_009_2859.0s-2947.6s.mp4__Negative_call001.wav,Whine,Negative,2381.48134,2.86,893.94,925.37,956.8,923.97,3549.49,3.39,917.68,1102.55,662.6,2349.33,26.89,57.44,-41.35
C2VV_T7_Pink-Green_20241116_1116_0_merged_009_1043.3s-1100.9s.mp4__Negative_call001.wav,Whine,Negative,2382.118263,0.54,287.39,388.17,548.66,222.08,2509.01,4.7,453.41,801.22,471.37,3099.61,5.6,64.38,-53.87
C2VV_T8_Green-line_20241203_1014_0_merged_004_748.0s-927.5s.mp4__Negative_call002.wav,Whine,Negative,2405.07151,3.16,604.82,611.78,648.16,604.51,3256.18,3.06,657.8,930.96,660.09,2254.84,28.94,49.82,-51.15
C2VV_T7_Pink-Green_20241114_1122_0_merged_001_546.4s-728.7s.mp4__Negative_call003.wav,Whine,Negative,2424.182441,1.38,1162.73,1196.88,1221.59,1222.32,2412.55,3.53,919.17,1334.1,1012.54,3424.17,22.16,62.13,-26.79
C2VV_T7_Pink-Green_20241120_0927_0_merged_010_1243.3s-1310.7s.mp4__Negative_call004.wav,Whine,Negative,2429.35766,11.02,1073.4,1125.38,1175.0,1103.79,2346.27,3.68,602.48,1225.81,908.8,1583.66,29.35,52.79,-49.54
C2VV_T7_Pink-Green_20241114_1122_0_merged_008_2185.8s-2355.4s.mp4__Negative_call001.wav,Whine,Negative,2442.595581,2.12,1193.45,1239.2,1288.73,1209.96,2505.41,3.97,1224.48,1495.99,1187.4,4959.34,27.6,64.63,-8.14
C2VV_T7_Pink-Green_20241118_1126_0_merged_017_3948.2s-4100.7s.mp4__Negative_call004.wav,Whine,Negative,2454.711439,2.94,1131.68,1150.74,1161.97,1141.55,1953.74,3.49,928.99,1255.64,950.0,3432.29,23.48,54.63,-59.93
C2VV_T7_Blue-Pink_20241122_1124_0_merged_018_2932.3s-3157.6s.mp4__Negative_call003.wav,Whine,Negative,2531.861329,2.68,1130.64,1180.65,1385.95,1177.29,2049.93,3.95,564.02,1389.1,1033.7,3028.87,23.33,58.79,-73.7
C2VV_T7_Pink-Green_20241122_0919_0_period_004_604.1s-618.0s.mp4__Negative_call001.wav,Whine,Negative,2540.734489,1.34,438.16,923.42,1043.06,993.71,2668.78,4.6,478.46,1113.23,826.95,3804.61,16.45,65.05,-4.61
C2VV_T8_Green-line_20241203_1014_0_merged_011_1589.8s-1652.5s.mp4__Negative_call002.wav,Whine,Negative,2586.585423,2.16,784.39,847.9,887.3,770.48,3926.51,3.09,769.43,1047.18,673.76,2076.01,28.51,47.52,-38.72
C2VV_T7_Blue-Pink_20241119_1318_0_merged_005_822.9s-841.9s.mp4__Negative_call001.wav,Whine,Negative,2588.805505,2.79,768.53,783.21,1249.12,771.75,2070.46,3.39,463.07,850.58,522.12,1040.59,28.65,46.56,-21.97
C2VV_T8_Green-line_20241203_1014_0_merged_005_939.7s-976.7s.mp4__Negative_call001.wav,Whine,Negative,2592.640585,3.69,565.92,584.87,600.57,565.38,2551.33,2.42,624.82,951.37,517.62,1191.9,29.91,39.92,-19.55
C2VV_T7_Pink-Green_20241121_1046_0_period_010_1603.5s-1618.7s.mp4__Negative_call001.wav,Whine,Negative,2596.724824,1.76,1055.72,1092.73,1124.62,1095.01,2329.11,3.32,730.41,1157.59,853.5,3254.68,25.34,56.09,-8.69
C2VV_T9_Blue2_20241216_1111_0_merged_014_2785.8s-2852.8s.mp4__Negative_call001.wav,Whine,Negative,2602.49074,1.15,910.71,918.52,1052.95,916.78,5773.27,4.78,751.59,1130.18,783.21,3910.59,21.68,57.24,-10.26
C2VV_T7_Pink-Green_20241120_0927_0_merged_003_321.6s-369.0s.mp4__Negative_call002.wav,Whine,Negative,2657.765015,2.2,1118.98,1132.58,1140.75,1133.94,2476.86,3.53,958.97,1230.23,939.0,3358.83,23.81,59.87,-61.33
C2VV_T7_Blue-Pink_20241121_1300_0_merged_008_2378.2s-2583.3s.mp4__Negative_call001.wav,Whine,Negative,2691.794332,2.38,695.31,754.96,1372.55,682.28,2060.02,3.68,433.37,773.71,457.21,1332.21,25.21,45.79,-48.02
C2VV_T7_Pink-Green_20241121_1046_0_merged_012_2014.2s-2076.9s.mp4__Negative_call001.wav,Whine,Negative,2714.4735,2.05,1139.56,1162.04,1194.31,1195.78,2174.59,3.6,1052.45,1295.56,987.17,4015.73,22.0,56.22,-45.08
C2VV_T7_Orange-Pink_20241118_1021_0_merged_009_2380.3s-2514.8s.mp4__Negative_call002.wav,Whine,Negative,2715.951819,2.29,657.2,797.81,856.76,656.76,1986.8,4.04,613.24,865.53,557.7,3497.05,25.76,56.55,-8.8
C2VV_T7_Pink-Green_20241122_0919_0_merged_021_2750.7s-2845.5s.mp4__Negative_call003.wav,Whine,Negative,2721.95961,2.65,1055.21,1083.84,1106.07,1088.36,2422.33,3.33,1007.32,1186.57,877.71,3326.0,28.63,54.63,-22.41
C2VV_T7_Blue-Pink_20241122_1124_0_merged_009_1838.2s-2085.7s.mp4__Negative_call006.wav,Whine,Negative,2742.631672,3.12,1185.96,1415.15,1560.79,1186.28,2203.41,4.62,636.92,1442.77,1130.09,3705.19,23.21,58.74,-46.65
C2VV_T9_Blue2_20241216_1111_0_period_015_1721.9s-1743.2s.mp4__Negative_call001.wav,Whine,Negative,2745.249339,1.12,870.96,899.45,934.19,870.96,5869.17,4.71,778.79,976.64,554.9,2408.43,19.15,48.53,-1.46
C2VV_T6_Green_20241108_1337_0_merged_003_384.9s-442.5s.mp4__Negative_call005.wav,Alarm,Negative,2749.8579,2.43,856.25,960.82,1224.28,848.02,2235.86,4.78,502.15,1235.75,923.31,5249.45,23.88,63.81,-49.21
C2VV_T9_Natural2_20241219_1343_0_merged_009_2522.4s-2609.6s.mp4__Negative_call004.wav,Whine,Negative,2756.302331,5.5,645.67,679.47,1215.02,644.58,2293.44,3.1,624.57,942.29,669.67,1595.3,29.08,46.89,-50.87
C2VV_T10_Pink_20250123_1114_0_period_012_3289.6s-3307.2s.mp4__Negative_call001.wav,Whine,Negative,2798.76308,1.87,754.98,808.49,864.14,805.28,3885.68,3.69,709.83,908.8,542.59,3635.16,21.4,60.2,-90.95
C2VV_T11_Green_20250130_1339_0_merged_010_2789.2s-3116.5s.mp4__Negative_call002.wav,Whine,Negative,2803.650062,3.79,926.06,961.38,986.43,959.54,3325.39,3.75,916.3,1093.6,713.33,4404.24,27.94,63.13,-43.5
C2VV_T8_Green-line_20241202_1032_0_merged_014_1339.5s-1354.9s.mp4__Negative_call001.wav,Whine,Negative,2828.179293,2.01,827.3,961.28,975.23,820.33,3815.3,3.01,883.63,1125.14,600.03,2253.21,32.13,48.56,-12.29
C2VV_T7_Green-Blue_20241119_1219_0_merged_006_264.6s-277.7s.mp4__Negative_call001.wav,Whine,Negative,2887.182602,5.94,550.98,681.7,1058.84,551.82,1917.14,4.13,512.61,991.95,683.11,2140.86,24.09,58.62,-41.06
C2VV_T9_Blue2_20241216_1111_0_merged_010_2061.0s-2210.0s.mp4__Negative_call001.wav,Whine,Negative,2910.882995,1.6,867.92,899.81,951.08,922.32,5885.65,4.62,777.01,1065.74,682.92,3647.16,17.82,60.34,-20.48
C2VV_T6_Green_20241105_0957_0_merged_021_2552.5s-2578.4s.mp4__Ambiguous_call001.wav,Cluck,Ambiguous,2930.3926,0.13,427.78,777.78,1057.78,1112.22,2732.14,5.42,491.18,563.58,201.08,6635.37,11.67,54.44,-0.43
C2VV_T7_Blue-Pink_20241122_1124_0_merged_015_2932.3s-3157.6s.mp4__Negative_call004.wav,Whine,Negative,2950.863837,2.27,737.88,1109.02,1365.56,724.22,2016.77,3.77,452.05,749.26,433.58,1222.08,26.89,48.93,-44.72
C2VV_T7_Pink-Green_20241118_1126_0_merged_017_3948.2s-4100.7s.mp4__Negative_call001.wav,Whine,Negative,2968.020823,1.6,1093.03,1118.04,1124.92,1124.29,2281.08,3.32,969.11,1224.4,911.94,3438.83,26.26,50.02,-6.93
C2VV_T7_Pink-Green_20241121_1046_0_merged_017_2443.8s-2555.6s.mp4__Negative_call001.wav,Whine,Negative,3006.801972,1.67,977.52,1067.74,1102.99,1091.64,2361.04,3.6,454.82,1123.27,816.82,2786.59,25.1,51.39,-4.86
C2VV_T8_Green-line_20241203_1014_0_merged_011_1589.8s-1652.5s.mp4__Negative_call001.wav,Whine,Negative,3051.259347,0.52,553.1,616.47,1127.32,562.7,5929.89,4.95,577.18,772.23,408.24,4276.12,15.36,58.57,-34.09
C2VV_T7_Pink-Green_20241120_0927_0_merged_003_321.6s-369.0s.mp4__Negative_call003.wav,Whine,Negative,3105.966277,1.68,1068.88,1113.05,1135.73,1129.16,2280.48,3.37,915.62,1204.66,830.11,3024.73,25.66,60.28,-35.74
C2VV_T7_Pink-Green_20241120_0927_0_merged_002_232.5s-298.7s.mp4__Negative_call001.wav,Whine,Negative,3150.34356,3.64,1106.53,1152.08,1164.97,1162.5,2300.89,3.4,877.58,1248.38,977.17,3109.05,26.07,56.52,-46.38
C2VV_T9_Blue2_20241220_1215_0_merged_010_2228.5s-2467.0s.mp4__Negative_call007.wav,Whine,Negative,3154.474974,3.05,1032.57,1405.72,1504.42,1429.0,3008.11,4.96,478.92,549.8,169.6,1086.24,22.3,59.51,-55.46
C2VV_T7_Pink-Green_20241118_1126_0_merged_027_3865.6s-3891.2s.mp4__Negative_call001.wav,Whine,Negative,3341.564681,1.89,997.51,1099.06,1110.7,1103.82,2289.12,3.4,926.91,1297.64,999.35,3369.15,28.03,57.91,-9.23
C2VV_T6_Black_20241108_1023_0_merged_003_1122.6s-1133.4s.mp4__Negative_call001.wav,Whine,Negative,3605.942348,2.24,1155.31,1262.04,1351.36,1375.03,2142.41,4.46,644.14,1395.89,1101.05,3238.77,20.77,58.5,-78.69
C2VV_T7_Pink-Green_20241121_1046_0_merged_022_2896.8s-3139.0s.mp4__Negative_call001.wav,Whine,Negative,4146.519738,1.58,1043.6,1075.21,1110.61,1046.13,3135.99,3.91,503.82,1144.27,817.2,3232.99,21.81,54.04,-4.96
C2VV_T6_Black_20241108_1023_0_period_002_689.3s-699.5s.mp4__Negative_call001.wav,Alarm,Negative,1071.490495,1.2,1108.79,1117.99,1135.55,1110.46,2288.96,4.78,687.43,1178.6,827.76,5151.93,13.8,58.95,-123.49
pc_fb2e83e34787b16d__C2VV_T6_Green_20241101_1336__97.027s-97.356s,Cluck,Positive,389.434543,0.329,416.38,465.01,884.43,458.93,3695.55,5.16,434.55,510.41,166.47,2345.53,6.08,60.79,0.81
C2VV_T6_Pink_20241108_1226_0_merged_017_3236.6s-3264.9s.mp4__Negative_call001.wav,Whine,Negative,282.198664,2.98,510.35,805.57,1000.6,526.1,1991.88,3.88,534.97,964.06,640.56,1974.76,22.62,56.13,-25.05
C2VV_T6_Pink_20241108_1226_0_merged_018_3341.8s-3404.1s.mp4__Negative_call001.wav,Whine,Negative,167.111385,4.2,1039.36,1067.91,1142.63,1057.68,1995.23,3.27,551.49,725.73,449.28,1174.63,29.74,44.38,-49.48
